variant_label,sub_test_json,pair_group,left_scale,right_scale,item_id,item_text,left_anchor,right_anchor,left_choice_score,right_choice_score,score_maps_equal,suggested_direct_scale,suggested_reverse_scale,review_status
adult,"{""age_range"": {""as_of_time"": ""00:00:00"", ""start_inclusive"": [18, 0, 0], ""end_exclusive"": [99, 99, 99]}, ""gender"": [""male"", ""female""]}",E/I,E1,I1,1,"처음 만난 사람들과 있게 되면, 나는",말을 적게 하는 편이다.,말을 많이 하는 편이다.,"{""1"": ""1"", ""2"": ""2"", ""3"": ""3"", ""4"": ""4"", ""5"": ""5"", ""6"": ""6"", ""7"": ""7""}","{""1"": ""7"", ""2"": ""6"", ""3"": ""5"", ""4"": ""4"", ""5"": ""3"", ""6"": ""2"", ""7"": ""1""}",no,,,needs_review
adult,"{""age_range"": {""as_of_time"": ""00:00:00"", ""start_inclusive"": [18, 0, 0], ""end_exclusive"": [99, 99, 99]}, ""gender"": [""male"", ""female""]}",E/I,E1,I1,28,"대부분의 대화에서, 나는",빠르고 재치 있게 잘 대답한다.,대화에 적절한 내용을 생각하다가 말할 때를 놓치곤 한다.,"{""1"": ""1"", ""2"": ""2"", ""3"": ""3"", ""4"": ""4"", ""5"": ""5"", ""6"": ""6"", ""7"": ""7""}","{""1"": ""7"", ""2"": ""6"", ""3"": ""5"", ""4"": ""4"", ""5"": ""3"", ""6"": ""2"", ""7"": ""1""}",no,,,needs_review
adult,"{""age_range"": {""as_of_time"": ""00:00:00"", ""start_inclusive"": [18, 0, 0], ""end_exclusive"": [99, 99, 99]}, ""gender"": [""male"", ""female""]}",E/I,E1,I1,132,,외향적,내성적,"{""1"": ""1"", ""2"": ""2"", ""3"": ""3"", ""4"": ""4"", ""5"": ""5"", ""6"": ""6"", ""7"": ""7""}","{""1"": ""7"", ""2"": ""6"", ""3"": ""5"", ""4"": ""4"", ""5"": ""3"", ""6"": ""2"", ""7"": ""1""}",no,,,needs_review
adult,"{""age_range"": {""as_of_time"": ""00:00:00"", ""start_inclusive"": [18, 0, 0], ""end_exclusive"": [99, 99, 99]}, ""gender"": [""male"", ""female""]}",E/I,E1,I1,134,,동적,정적,"{""1"": ""1"", ""2"": ""2"", ""3"": ""3"", ""4"": ""4"", ""5"": ""5"", ""6"": ""6"", ""7"": ""7""}","{""1"": ""7"", ""2"": ""6"", ""3"": ""5"", ""4"": ""4"", ""5"": ""3"", ""6"": ""2"", ""7"": ""1""}",no,,,needs_review
adult,"{""age_range"": {""as_of_time"": ""00:00:00"", ""start_inclusive"": [18, 0, 0], ""end_exclusive"": [99, 99, 99]}, ""gender"": [""male"", ""female""]}",E/I,E1,I1,141,,말이 많은,말이 적은,"{""1"": ""1"", ""2"": ""2"", ""3"": ""3"", ""4"": ""4"", ""5"": ""5"", ""6"": ""6"", ""7"": ""7""}","{""1"": ""7"", ""2"": ""6"", ""3"": ""5"", ""4"": ""4"", ""5"": ""3"", ""6"": ""2"", ""7"": ""1""}",no,,,needs_review
adult,"{""age_range"": {""as_of_time"": ""00:00:00"", ""start_inclusive"": [18, 0, 0], ""end_exclusive"": [99, 99, 99]}, ""gender"": [""male"", ""female""]}",E/I,E1,I1,157,,과묵한,표현하는,"{""1"": ""1"", ""2"": ""2"", ""3"": ""3"", ""4"": ""4"", ""5"": ""5"", ""6"": ""6"", ""7"": ""7""}","{""1"": ""7"", ""2"": ""6"", ""3"": ""5"", ""4"": ""4"", ""5"": ""3"", ""6"": ""2"", ""7"": ""1""}",no,,,needs_review
adult,"{""age_range"": {""as_of_time"": ""00:00:00"", ""start_inclusive"": [18, 0, 0], ""end_exclusive"": [99, 99, 99]}, ""gender"": [""male"", ""female""]}",S/N,S1,N1,2,나는 주로,이론에 대해 이야기한다.,사실에 대해 이야기한다.,"{""1"": ""1"", ""2"": ""2"", ""3"": ""3"", ""4"": ""4"", ""5"": ""5"", ""6"": ""6"", ""7"": ""7""}","{""1"": ""7"", ""2"": ""6"", ""3"": ""5"", ""4"": ""4"", ""5"": ""3"", ""6"": ""2"", ""7"": ""1""}",no,,,needs_review
adult,"{""age_range"": {""as_of_time"": ""00:00:00"", ""start_inclusive"": [18, 0, 0], ""end_exclusive"": [99, 99, 99]}, ""gender"": [""male"", ""female""]}",S/N,S1,N1,9,다른 사람에게 나에 대하여 알려주고 싶은 점은,상식이 많다는 점이다.,상상력이 풍부하다는 점이다.,"{""1"": ""1"", ""2"": ""2"", ""3"": ""3"", ""4"": ""4"", ""5"": ""5"", ""6"": ""6"", ""7"": ""7""}","{""1"": ""7"", ""2"": ""6"", ""3"": ""5"", ""4"": ""4"", ""5"": ""3"", ""6"": ""2"", ""7"": ""1""}",no,,,needs_review
adult,"{""age_range"": {""as_of_time"": ""00:00:00"", ""start_inclusive"": [18, 0, 0], ""end_exclusive"": [99, 99, 99]}, ""gender"": [""male"", ""female""]}",S/N,S1,N1,29,내가 주로 좋아하는 사람들은,꾸밈없이 있는 그대로 말하는 사람이다.,새롭고 독특한 방식으로 자신의 생각을 표현하는 사람이다.,"{""1"": ""1"", ""2"": ""2"", ""3"": ""3"", ""4"": ""4"", ""5"": ""5"", ""6"": ""6"", ""7"": ""7""}","{""1"": ""7"", ""2"": ""6"", ""3"": ""5"", ""4"": ""4"", ""5"": ""3"", ""6"": ""2"", ""7"": ""1""}",no,,,needs_review
adult,"{""age_range"": {""as_of_time"": ""00:00:00"", ""start_inclusive"": [18, 0, 0], ""end_exclusive"": [99, 99, 99]}, ""gender"": [""male"", ""female""]}",S/N,S1,N1,48,나는,허황된 상상을 하곤 한다.,확고하게 현실적인 편이다.,"{""1"": ""1"", ""2"": ""2"", ""3"": ""3"", ""4"": ""4"", ""5"": ""5"", ""6"": ""6"", ""7"": ""7""}","{""1"": ""7"", ""2"": ""6"", ""3"": ""5"", ""4"": ""4"", ""5"": ""3"", ""6"": ""2"", ""7"": ""1""}",no,,,needs_review
adult,"{""age_range"": {""as_of_time"": ""00:00:00"", ""start_inclusive"": [18, 0, 0], ""end_exclusive"": [99, 99, 99]}, ""gender"": [""male"", ""female""]}",S/N,S1,N1,53,내가 주로 읽고 싶거나 듣고 싶은 것들은,아름다운 은유를 사용한 시이다.,유명한 역사적 사건에 대한 상세한 설명이다.,"{""1"": ""1"", ""2"": ""2"", ""3"": ""3"", ""4"": ""4"", ""5"": ""5"", ""6"": ""6"", ""7"": ""7""}","{""1"": ""7"", ""2"": ""6"", ""3"": ""5"", ""4"": ""4"", ""5"": ""3"", ""6"": ""2"", ""7"": ""1""}",no,,,needs_review
adult,"{""age_range"": {""as_of_time"": ""00:00:00"", ""start_inclusive"": [18, 0, 0], ""end_exclusive"": [99, 99, 99]}, ""gender"": [""male"", ""female""]}",S/N,S1,N1,138,,직관적,사실적,"{""1"": ""1"", ""2"": ""2"", ""3"": ""3"", ""4"": ""4"", ""5"": ""5"", ""6"": ""6"", ""7"": ""7""}","{""1"": ""7"", ""2"": ""6"", ""3"": ""5"", ""4"": ""4"", ""5"": ""3"", ""6"": ""2"", ""7"": ""1""}",no,,,needs_review
adult,"{""age_range"": {""as_of_time"": ""00:00:00"", ""start_inclusive"": [18, 0, 0], ""end_exclusive"": [99, 99, 99]}, ""gender"": [""male"", ""female""]}",S/N,S1,N1,140,,이상적,실제적,"{""1"": ""1"", ""2"": ""2"", ""3"": ""3"", ""4"": ""4"", ""5"": ""5"", ""6"": ""6"", ""7"": ""7""}","{""1"": ""7"", ""2"": ""6"", ""3"": ""5"", ""4"": ""4"", ""5"": ""3"", ""6"": ""2"", ""7"": ""1""}",no,,,needs_review
adult,"{""age_range"": {""as_of_time"": ""00:00:00"", ""start_inclusive"": [18, 0, 0], ""end_exclusive"": [99, 99, 99]}, ""gender"": [""male"", ""female""]}",S/N,S1,N1,147,,세부적,포괄적,"{""1"": ""1"", ""2"": ""2"", ""3"": ""3"", ""4"": ""4"", ""5"": ""5"", ""6"": ""6"", ""7"": ""7""}","{""1"": ""7"", ""2"": ""6"", ""3"": ""5"", ""4"": ""4"", ""5"": ""3"", ""6"": ""2"", ""7"": ""1""}",no,,,needs_review
adult,"{""age_range"": {""as_of_time"": ""00:00:00"", ""start_inclusive"": [18, 0, 0], ""end_exclusive"": [99, 99, 99]}, ""gender"": [""male"", ""female""]}",S/N,S1,N1,155,,문자 그대로,비유적,"{""1"": ""1"", ""2"": ""2"", ""3"": ""3"", ""4"": ""4"", ""5"": ""5"", ""6"": ""6"", ""7"": ""7""}","{""1"": ""7"", ""2"": ""6"", ""3"": ""5"", ""4"": ""4"", ""5"": ""3"", ""6"": ""2"", ""7"": ""1""}",no,,,needs_review
adult,"{""age_range"": {""as_of_time"": ""00:00:00"", ""start_inclusive"": [18, 0, 0], ""end_exclusive"": [99, 99, 99]}, ""gender"": [""male"", ""female""]}",S/N,S1,N1,160,,보이는 것을 중시하는,생각을 중시하는,"{""1"": ""1"", ""2"": ""2"", ""3"": ""3"", ""4"": ""4"", ""5"": ""5"", ""6"": ""6"", ""7"": ""7""}","{""1"": ""7"", ""2"": ""6"", ""3"": ""5"", ""4"": ""4"", ""5"": ""3"", ""6"": ""2"", ""7"": ""1""}",no,,,needs_review
adult,"{""age_range"": {""as_of_time"": ""00:00:00"", ""start_inclusive"": [18, 0, 0], ""end_exclusive"": [99, 99, 99]}, ""gender"": [""male"", ""female""]}",T/F,T1,F1,13,나는 일반적으로,타인의 어려움에 잘 공감하는 사람이다.,감정적인 상황일지라도 이성적이다.,"{""1"": ""1"", ""2"": ""2"", ""3"": ""3"", ""4"": ""4"", ""5"": ""5"", ""6"": ""6"", ""7"": ""7""}","{""1"": ""7"", ""2"": ""6"", ""3"": ""5"", ""4"": ""4"", ""5"": ""3"", ""6"": ""2"", ""7"": ""1""}",no,,,needs_review
adult,"{""age_range"": {""as_of_time"": ""00:00:00"", ""start_inclusive"": [18, 0, 0], ""end_exclusive"": [99, 99, 99]}, ""gender"": [""male"", ""female""]}",T/F,T1,F1,38,"중요한 사안에 대해 내 입장을 결정할 때, 나는 가장 먼저",그 결정이 내 주변 사람이나 나에게 미칠 영향을 고려한다.,객관적으로 정보를 수집하고 분석한다.,"{""1"": ""1"", ""2"": ""2"", ""3"": ""3"", ""4"": ""4"", ""5"": ""5"", ""6"": ""6"", ""7"": ""7""}","{""1"": ""7"", ""2"": ""6"", ""3"": ""5"", ""4"": ""4"", ""5"": ""3"", ""6"": ""2"", ""7"": ""1""}",no,,,needs_review
adult,"{""age_range"": {""as_of_time"": ""00:00:00"", ""start_inclusive"": [18, 0, 0], ""end_exclusive"": [99, 99, 99]}, ""gender"": [""male"", ""female""]}",T/F,T1,F1,40,"반대 의견에 대해,나는",열정적으로 내 의견을 표현한다.,논리적이고 냉정하게 대처한다.,"{""1"": ""1"", ""2"": ""2"", ""3"": ""3"", ""4"": ""4"", ""5"": ""5"", ""6"": ""6"", ""7"": ""7""}","{""1"": ""7"", ""2"": ""6"", ""3"": ""5"", ""4"": ""4"", ""5"": ""3"", ""6"": ""2"", ""7"": ""1""}",no,,,needs_review
adult,"{""age_range"": {""as_of_time"": ""00:00:00"", ""start_inclusive"": [18, 0, 0], ""end_exclusive"": [99, 99, 99]}, ""gender"": [""male"", ""female""]}",T/F,T1,F1,45,나는 상당히,논리적인 사람으로 알려져 있다.,정이 많은 사람으로 알려져 있다.,"{""1"": ""1"", ""2"": ""2"", ""3"": ""3"", ""4"": ""4"", ""5"": ""5"", ""6"": ""6"", ""7"": ""7""}","{""1"": ""7"", ""2"": ""6"", ""3"": ""5"", ""4"": ""4"", ""5"": ""3"", ""6"": ""2"", ""7"": ""1""}",no,,,needs_review
adult,"{""age_range"": {""as_of_time"": ""00:00:00"", ""start_inclusive"": [18, 0, 0], ""end_exclusive"": [99, 99, 99]}, ""gender"": [""male"", ""female""]}",T/F,T1,F1,49,"슬픈 영화를 볼 때, 나는",잘 울지 않는 편이다.,감동적인 장면에서 눈물을 흘리는 편이다.,"{""1"": ""1"", ""2"": ""2"", ""3"": ""3"", ""4"": ""4"", ""5"": ""5"", ""6"": ""6"", ""7"": ""7""}","{""1"": ""7"", ""2"": ""6"", ""3"": ""5"", ""4"": ""4"", ""5"": ""3"", ""6"": ""2"", ""7"": ""1""}",no,,,needs_review
adult,"{""age_range"": {""as_of_time"": ""00:00:00"", ""start_inclusive"": [18, 0, 0], ""end_exclusive"": [99, 99, 99]}, ""gender"": [""male"", ""female""]}",T/F,T1,F1,54,"내가 잘 알고 있는 두 사람 간의 논쟁을 들을 때, 나는",그들의 감정에 쉽게 휩쓸린다.,거리를 두고 평정심을 유지한다.,"{""1"": ""1"", ""2"": ""2"", ""3"": ""3"", ""4"": ""4"", ""5"": ""5"", ""6"": ""6"", ""7"": ""7""}","{""1"": ""7"", ""2"": ""6"", ""3"": ""5"", ""4"": ""4"", ""5"": ""3"", ""6"": ""2"", ""7"": ""1""}",no,,,needs_review
adult,"{""age_range"": {""as_of_time"": ""00:00:00"", ""start_inclusive"": [18, 0, 0], ""end_exclusive"": [99, 99, 99]}, ""gender"": [""male"", ""female""]}",T/F,T1,F1,133,,이성적,감성적,"{""1"": ""1"", ""2"": ""2"", ""3"": ""3"", ""4"": ""4"", ""5"": ""5"", ""6"": ""6"", ""7"": ""7""}","{""1"": ""7"", ""2"": ""6"", ""3"": ""5"", ""4"": ""4"", ""5"": ""3"", ""6"": ""2"", ""7"": ""1""}",no,,,needs_review
adult,"{""age_range"": {""as_of_time"": ""00:00:00"", ""start_inclusive"": [18, 0, 0], ""end_exclusive"": [99, 99, 99]}, ""gender"": [""male"", ""female""]}",T/F,T1,F1,152,,감성적,감성적이지 않은,"{""1"": ""1"", ""2"": ""2"", ""3"": ""3"", ""4"": ""4"", ""5"": ""5"", ""6"": ""6"", ""7"": ""7""}","{""1"": ""7"", ""2"": ""6"", ""3"": ""5"", ""4"": ""4"", ""5"": ""3"", ""6"": ""2"", ""7"": ""1""}",no,,,needs_review
adult,"{""age_range"": {""as_of_time"": ""00:00:00"", ""start_inclusive"": [18, 0, 0], ""end_exclusive"": [99, 99, 99]}, ""gender"": [""male"", ""female""]}",E/I,E2,I2,14,"연설을 요청받는다면, 나는",주저한다.,기꺼이 하고자 한다.,"{""1"": ""1"", ""2"": ""2"", ""3"": ""3"", ""4"": ""4"", ""5"": ""5"", ""6"": ""6"", ""7"": ""7""}","{""1"": ""7"", ""2"": ""6"", ""3"": ""5"", ""4"": ""4"", ""5"": ""3"", ""6"": ""2"", ""7"": ""1""}",no,,,needs_review
adult,"{""age_range"": {""as_of_time"": ""00:00:00"", ""start_inclusive"": [18, 0, 0], ""end_exclusive"": [99, 99, 99]}, ""gender"": [""male"", ""female""]}",E/I,E2,I2,24,"사교 모임에서, 나는 주로",대화를 주도한다.,다른 사람들이 다가와 주기를 기다린다.,"{""1"": ""1"", ""2"": ""2"", ""3"": ""3"", ""4"": ""4"", ""5"": ""5"", ""6"": ""6"", ""7"": ""7""}","{""1"": ""7"", ""2"": ""6"", ""3"": ""5"", ""4"": ""4"", ""5"": ""3"", ""6"": ""2"", ""7"": ""1""}",no,,,needs_review
adult,"{""age_range"": {""as_of_time"": ""00:00:00"", ""start_inclusive"": [18, 0, 0], ""end_exclusive"": [99, 99, 99]}, ""gender"": [""male"", ""female""]}",E/I,E2,I2,33,"새로운 일을 시작하거나 새로운 곳으로 이사했을 때, 나는 주로 새로운 친구를",천천히 사귀는 편이다.,빨리 사귀는 편이다.,"{""1"": ""1"", ""2"": ""2"", ""3"": ""3"", ""4"": ""4"", ""5"": ""5"", ""6"": ""6"", ""7"": ""7""}","{""1"": ""7"", ""2"": ""6"", ""3"": ""5"", ""4"": ""4"", ""5"": ""3"", ""6"": ""2"", ""7"": ""1""}",no,,,needs_review
adult,"{""age_range"": {""as_of_time"": ""00:00:00"", ""start_inclusive"": [18, 0, 0], ""end_exclusive"": [99, 99, 99]}, ""gender"": [""male"", ""female""]}",E/I,E2,I2,47,"내가 잘 모르는 사람들과 대화를 해야 할 때, 나는",먼저 말을 하려 하지 않는다.,먼저 말을 하는 편이다.,"{""1"": ""1"", ""2"": ""2"", ""3"": ""3"", ""4"": ""4"", ""5"": ""5"", ""6"": ""6"", ""7"": ""7""}","{""1"": ""7"", ""2"": ""6"", ""3"": ""5"", ""4"": ""4"", ""5"": ""3"", ""6"": ""2"", ""7"": ""1""}",no,,,needs_review
adult,"{""age_range"": {""as_of_time"": ""00:00:00"", ""start_inclusive"": [18, 0, 0], ""end_exclusive"": [99, 99, 99]}, ""gender"": [""male"", ""female""]}",E/I,E2,I2,120,,전혀 나 같지 않음,매우 나 같음,"{""1"": ""1"", ""2"": ""2"", ""3"": ""3"", ""4"": ""4"", ""5"": ""5"", ""6"": ""6"", ""7"": ""7""}","{""1"": ""7"", ""2"": ""6"", ""3"": ""5"", ""4"": ""4"", ""5"": ""3"", ""6"": ""2"", ""7"": ""1""}",no,,,needs_review
adult,"{""age_range"": {""as_of_time"": ""00:00:00"", ""start_inclusive"": [18, 0, 0], ""end_exclusive"": [99, 99, 99]}, ""gender"": [""male"", ""female""]}",E/I,E2,I2,122,,전혀 나 같지 않음,매우 나 같음,"{""1"": ""1"", ""2"": ""2"", ""3"": ""3"", ""4"": ""4"", ""5"": ""5"", ""6"": ""6"", ""7"": ""7""}","{""1"": ""7"", ""2"": ""6"", ""3"": ""5"", ""4"": ""4"", ""5"": ""3"", ""6"": ""2"", ""7"": ""1""}",no,,,needs_review
adult,"{""age_range"": {""as_of_time"": ""00:00:00"", ""start_inclusive"": [18, 0, 0], ""end_exclusive"": [99, 99, 99]}, ""gender"": [""male"", ""female""]}",E/I,E2,I2,165,,대담한,수줍어하는,"{""1"": ""1"", ""2"": ""2"", ""3"": ""3"", ""4"": ""4"", ""5"": ""5"", ""6"": ""6"", ""7"": ""7""}","{""1"": ""7"", ""2"": ""6"", ""3"": ""5"", ""4"": ""4"", ""5"": ""3"", ""6"": ""2"", ""7"": ""1""}",no,,,needs_review
adult,"{""age_range"": {""as_of_time"": ""00:00:00"", ""start_inclusive"": [18, 0, 0], ""end_exclusive"": [99, 99, 99]}, ""gender"": [""male"", ""female""]}",E/I,E2,I2,168,,무뚝뚝한,상냥한,"{""1"": ""1"", ""2"": ""2"", ""3"": ""3"", ""4"": ""4"", ""5"": ""5"", ""6"": ""6"", ""7"": ""7""}","{""1"": ""7"", ""2"": ""6"", ""3"": ""5"", ""4"": ""4"", ""5"": ""3"", ""6"": ""2"", ""7"": ""1""}",no,,,needs_review
adult,"{""age_range"": {""as_of_time"": ""00:00:00"", ""start_inclusive"": [18, 0, 0], ""end_exclusive"": [99, 99, 99]}, ""gender"": [""male"", ""female""]}",S/N,S2,N2,39,나는 주로,효과가 있었던 기존의 방법을 찾는 편이다.,새롭고 더 나은 방법을 찾아보는 편이다.,"{""1"": ""1"", ""2"": ""2"", ""3"": ""3"", ""4"": ""4"", ""5"": ""5"", ""6"": ""6"", ""7"": ""7""}","{""1"": ""7"", ""2"": ""6"", ""3"": ""5"", ""4"": ""4"", ""5"": ""3"", ""6"": ""2"", ""7"": ""1""}",no,,,needs_review
adult,"{""age_range"": {""as_of_time"": ""00:00:00"", ""start_inclusive"": [18, 0, 0], ""end_exclusive"": [99, 99, 99]}, ""gender"": [""male"", ""female""]}",S/N,S2,N2,87,,전혀 나 같지 않음,매우 나 같음,"{""1"": ""1"", ""2"": ""2"", ""3"": ""3"", ""4"": ""4"", ""5"": ""5"", ""6"": ""6"", ""7"": ""7""}","{""1"": ""7"", ""2"": ""6"", ""3"": ""5"", ""4"": ""4"", ""5"": ""3"", ""6"": ""2"", ""7"": ""1""}",no,,,needs_review
adult,"{""age_range"": {""as_of_time"": ""00:00:00"", ""start_inclusive"": [18, 0, 0], ""end_exclusive"": [99, 99, 99]}, ""gender"": [""male"", ""female""]}",S/N,S2,N2,95,,전혀 나 같지 않음,매우 나 같음,"{""1"": ""1"", ""2"": ""2"", ""3"": ""3"", ""4"": ""4"", ""5"": ""5"", ""6"": ""6"", ""7"": ""7""}","{""1"": ""7"", ""2"": ""6"", ""3"": ""5"", ""4"": ""4"", ""5"": ""3"", ""6"": ""2"", ""7"": ""1""}",no,,,needs_review
adult,"{""age_range"": {""as_of_time"": ""00:00:00"", ""start_inclusive"": [18, 0, 0], ""end_exclusive"": [99, 99, 99]}, ""gender"": [""male"", ""female""]}",S/N,S2,N2,98,,전혀 나 같지 않음,매우 나 같음,"{""1"": ""1"", ""2"": ""2"", ""3"": ""3"", ""4"": ""4"", ""5"": ""5"", ""6"": ""6"", ""7"": ""7""}","{""1"": ""7"", ""2"": ""6"", ""3"": ""5"", ""4"": ""4"", ""5"": ""3"", ""6"": ""2"", ""7"": ""1""}",no,,,needs_review
adult,"{""age_range"": {""as_of_time"": ""00:00:00"", ""start_inclusive"": [18, 0, 0], ""end_exclusive"": [99, 99, 99]}, ""gender"": [""male"", ""female""]}",S/N,S2,N2,126,,전혀 나 같지 않음,매우 나 같음,"{""1"": ""1"", ""2"": ""2"", ""3"": ""3"", ""4"": ""4"", ""5"": ""5"", ""6"": ""6"", ""7"": ""7""}","{""1"": ""7"", ""2"": ""6"", ""3"": ""5"", ""4"": ""4"", ""5"": ""3"", ""6"": ""2"", ""7"": ""1""}",no,,,needs_review
adult,"{""age_range"": {""as_of_time"": ""00:00:00"", ""start_inclusive"": [18, 0, 0], ""end_exclusive"": [99, 99, 99]}, ""gender"": [""male"", ""female""]}",S/N,S2,N2,127,,전혀 나 같지 않음,매우 나 같음,"{""1"": ""1"", ""2"": ""2"", ""3"": ""3"", ""4"": ""4"", ""5"": ""5"", ""6"": ""6"", ""7"": ""7""}","{""1"": ""7"", ""2"": ""6"", ""3"": ""5"", ""4"": ""4"", ""5"": ""3"", ""6"": ""2"", ""7"": ""1""}",no,,,needs_review
adult,"{""age_range"": {""as_of_time"": ""00:00:00"", ""start_inclusive"": [18, 0, 0], ""end_exclusive"": [99, 99, 99]}, ""gender"": [""male"", ""female""]}",S/N,S2,N2,129,,전혀 나 같지 않음,매우 나 같음,"{""1"": ""1"", ""2"": ""2"", ""3"": ""3"", ""4"": ""4"", ""5"": ""5"", ""6"": ""6"", ""7"": ""7""}","{""1"": ""7"", ""2"": ""6"", ""3"": ""5"", ""4"": ""4"", ""5"": ""3"", ""6"": ""2"", ""7"": ""1""}",no,,,needs_review
adult,"{""age_range"": {""as_of_time"": ""00:00:00"", ""start_inclusive"": [18, 0, 0], ""end_exclusive"": [99, 99, 99]}, ""gender"": [""male"", ""female""]}",S/N,S2,N2,130,,전혀 나 같지 않음,매우 나 같음,"{""1"": ""1"", ""2"": ""2"", ""3"": ""3"", ""4"": ""4"", ""5"": ""5"", ""6"": ""6"", ""7"": ""7""}","{""1"": ""7"", ""2"": ""6"", ""3"": ""5"", ""4"": ""4"", ""5"": ""3"", ""6"": ""2"", ""7"": ""1""}",no,,,needs_review
adult,"{""age_range"": {""as_of_time"": ""00:00:00"", ""start_inclusive"": [18, 0, 0], ""end_exclusive"": [99, 99, 99]}, ""gender"": [""male"", ""female""]}",T/F,T2,F2,59,"나는 의사결정을 할 때,",주변 사람의 감정에 영향을 받지 않으려 한다.,주변 사람의 감정을 배려하려고 한다.,"{""1"": ""1"", ""2"": ""2"", ""3"": ""3"", ""4"": ""4"", ""5"": ""5"", ""6"": ""6"", ""7"": ""7""}","{""1"": ""7"", ""2"": ""6"", ""3"": ""5"", ""4"": ""4"", ""5"": ""3"", ""6"": ""2"", ""7"": ""1""}",no,,,needs_review
adult,"{""age_range"": {""as_of_time"": ""00:00:00"", ""start_inclusive"": [18, 0, 0], ""end_exclusive"": [99, 99, 99]}, ""gender"": [""male"", ""female""]}",T/F,T2,F2,77,,전혀 나 같지 않음,매우 나 같음,"{""1"": ""1"", ""2"": ""2"", ""3"": ""3"", ""4"": ""4"", ""5"": ""5"", ""6"": ""6"", ""7"": ""7""}","{""1"": ""7"", ""2"": ""6"", ""3"": ""5"", ""4"": ""4"", ""5"": ""3"", ""6"": ""2"", ""7"": ""1""}",no,,,needs_review
adult,"{""age_range"": {""as_of_time"": ""00:00:00"", ""start_inclusive"": [18, 0, 0], ""end_exclusive"": [99, 99, 99]}, ""gender"": [""male"", ""female""]}",T/F,T2,F2,88,,전혀 나 같지 않음,매우 나 같음,"{""1"": ""1"", ""2"": ""2"", ""3"": ""3"", ""4"": ""4"", ""5"": ""5"", ""6"": ""6"", ""7"": ""7""}","{""1"": ""7"", ""2"": ""6"", ""3"": ""5"", ""4"": ""4"", ""5"": ""3"", ""6"": ""2"", ""7"": ""1""}",no,,,needs_review
adult,"{""age_range"": {""as_of_time"": ""00:00:00"", ""start_inclusive"": [18, 0, 0], ""end_exclusive"": [99, 99, 99]}, ""gender"": [""male"", ""female""]}",T/F,T2,F2,93,,전혀 나 같지 않음,매우 나 같음,"{""1"": ""1"", ""2"": ""2"", ""3"": ""3"", ""4"": ""4"", ""5"": ""5"", ""6"": ""6"", ""7"": ""7""}","{""1"": ""7"", ""2"": ""6"", ""3"": ""5"", ""4"": ""4"", ""5"": ""3"", ""6"": ""2"", ""7"": ""1""}",no,,,needs_review
adult,"{""age_range"": {""as_of_time"": ""00:00:00"", ""start_inclusive"": [18, 0, 0], ""end_exclusive"": [99, 99, 99]}, ""gender"": [""male"", ""female""]}",T/F,T2,F2,97,,전혀 나 같지 않음,매우 나 같음,"{""1"": ""1"", ""2"": ""2"", ""3"": ""3"", ""4"": ""4"", ""5"": ""5"", ""6"": ""6"", ""7"": ""7""}","{""1"": ""7"", ""2"": ""6"", ""3"": ""5"", ""4"": ""4"", ""5"": ""3"", ""6"": ""2"", ""7"": ""1""}",no,,,needs_review
adult,"{""age_range"": {""as_of_time"": ""00:00:00"", ""start_inclusive"": [18, 0, 0], ""end_exclusive"": [99, 99, 99]}, ""gender"": [""male"", ""female""]}",T/F,T2,F2,114,,전혀 나 같지 않음,매우 나 같음,"{""1"": ""1"", ""2"": ""2"", ""3"": ""3"", ""4"": ""4"", ""5"": ""5"", ""6"": ""6"", ""7"": ""7""}","{""1"": ""7"", ""2"": ""6"", ""3"": ""5"", ""4"": ""4"", ""5"": ""3"", ""6"": ""2"", ""7"": ""1""}",no,,,needs_review
adult,"{""age_range"": {""as_of_time"": ""00:00:00"", ""start_inclusive"": [18, 0, 0], ""end_exclusive"": [99, 99, 99]}, ""gender"": [""male"", ""female""]}",T/F,T2,F2,125,,전혀 나 같지 않음,매우 나 같음,"{""1"": ""1"", ""2"": ""2"", ""3"": ""3"", ""4"": ""4"", ""5"": ""5"", ""6"": ""6"", ""7"": ""7""}","{""1"": ""7"", ""2"": ""6"", ""3"": ""5"", ""4"": ""4"", ""5"": ""3"", ""6"": ""2"", ""7"": ""1""}",no,,,needs_review
adult,"{""age_range"": {""as_of_time"": ""00:00:00"", ""start_inclusive"": [18, 0, 0], ""end_exclusive"": [99, 99, 99]}, ""gender"": [""male"", ""female""]}",E/I,E3,I3,6,"모임에서 떠나려 할 때, 나는",그냥 말없이 떠날 것이다.,작별인사를 하는 데 많은 시간을 들일 것이다.,"{""1"": ""1"", ""2"": ""2"", ""3"": ""3"", ""4"": ""4"", ""5"": ""5"", ""6"": ""6"", ""7"": ""7""}","{""1"": ""7"", ""2"": ""6"", ""3"": ""5"", ""4"": ""4"", ""5"": ""3"", ""6"": ""2"", ""7"": ""1""}",no,,,needs_review
adult,"{""age_range"": {""as_of_time"": ""00:00:00"", ""start_inclusive"": [18, 0, 0], ""end_exclusive"": [99, 99, 99]}, ""gender"": [""male"", ""female""]}",E/I,E3,I3,44,내가 선호하는 업무환경은,내 주변 사람들과 함께 일하는 곳이다.,혼자서 일하는 곳이다.,"{""1"": ""1"", ""2"": ""2"", ""3"": ""3"", ""4"": ""4"", ""5"": ""5"", ""6"": ""6"", ""7"": ""7""}","{""1"": ""7"", ""2"": ""6"", ""3"": ""5"", ""4"": ""4"", ""5"": ""3"", ""6"": ""2"", ""7"": ""1""}",no,,,needs_review
adult,"{""age_range"": {""as_of_time"": ""00:00:00"", ""start_inclusive"": [18, 0, 0], ""end_exclusive"": [99, 99, 99]}, ""gender"": [""male"", ""female""]}",E/I,E3,I3,57,내가 살고 싶은 곳은,평화롭고 조용하며 많은 일들이 일어나지 않는 곳이다.,볼거리와 할 것들이 많은 곳이다.,"{""1"": ""1"", ""2"": ""2"", ""3"": ""3"", ""4"": ""4"", ""5"": ""5"", ""6"": ""6"", ""7"": ""7""}","{""1"": ""7"", ""2"": ""6"", ""3"": ""5"", ""4"": ""4"", ""5"": ""3"", ""6"": ""2"", ""7"": ""1""}",no,,,needs_review
adult,"{""age_range"": {""as_of_time"": ""00:00:00"", ""start_inclusive"": [18, 0, 0], ""end_exclusive"": [99, 99, 99]}, ""gender"": [""male"", ""female""]}",E/I,E3,I3,66,"관심 있는 스포츠를 관람할 때, 나는",다른 팬들과 함께 경기장에서 보는 것이 좋다.,텔레비전으로 집에서 보는 것이 좋다.,"{""1"": ""1"", ""2"": ""2"", ""3"": ""3"", ""4"": ""4"", ""5"": ""5"", ""6"": ""6"", ""7"": ""7""}","{""1"": ""7"", ""2"": ""6"", ""3"": ""5"", ""4"": ""4"", ""5"": ""3"", ""6"": ""2"", ""7"": ""1""}",no,,,needs_review
adult,"{""age_range"": {""as_of_time"": ""00:00:00"", ""start_inclusive"": [18, 0, 0], ""end_exclusive"": [99, 99, 99]}, ""gender"": [""male"", ""female""]}",E/I,E3,I3,79,,전혀 나 같지 않음,매우 나 같음,"{""1"": ""1"", ""2"": ""2"", ""3"": ""3"", ""4"": ""4"", ""5"": ""5"", ""6"": ""6"", ""7"": ""7""}","{""1"": ""7"", ""2"": ""6"", ""3"": ""5"", ""4"": ""4"", ""5"": ""3"", ""6"": ""2"", ""7"": ""1""}",no,,,needs_review
adult,"{""age_range"": {""as_of_time"": ""00:00:00"", ""start_inclusive"": [18, 0, 0], ""end_exclusive"": [99, 99, 99]}, ""gender"": [""male"", ""female""]}",E/I,E3,I3,102,,전혀 나 같지 않음,매우 나 같음,"{""1"": ""1"", ""2"": ""2"", ""3"": ""3"", ""4"": ""4"", ""5"": ""5"", ""6"": ""6"", ""7"": ""7""}","{""1"": ""7"", ""2"": ""6"", ""3"": ""5"", ""4"": ""4"", ""5"": ""3"", ""6"": ""2"", ""7"": ""1""}",no,,,needs_review
adult,"{""age_range"": {""as_of_time"": ""00:00:00"", ""start_inclusive"": [18, 0, 0], ""end_exclusive"": [99, 99, 99]}, ""gender"": [""male"", ""female""]}",E/I,E3,I3,104,,전혀 나 같지 않음,매우 나 같음,"{""1"": ""1"", ""2"": ""2"", ""3"": ""3"", ""4"": ""4"", ""5"": ""5"", ""6"": ""6"", ""7"": ""7""}","{""1"": ""7"", ""2"": ""6"", ""3"": ""5"", ""4"": ""4"", ""5"": ""3"", ""6"": ""2"", ""7"": ""1""}",no,,,needs_review
adult,"{""age_range"": {""as_of_time"": ""00:00:00"", ""start_inclusive"": [18, 0, 0], ""end_exclusive"": [99, 99, 99]}, ""gender"": [""male"", ""female""]}",S/N,S3,N3,5,"나만의 정원을 꾸민다면, 내가 좋아하는 정원은",모든 것이 잘 정돈된 일반적인 정원이다.,이국적인 식물들이 있는 독특한 정원이다.,"{""1"": ""1"", ""2"": ""2"", ""3"": ""3"", ""4"": ""4"", ""5"": ""5"", ""6"": ""6"", ""7"": ""7""}","{""1"": ""7"", ""2"": ""6"", ""3"": ""5"", ""4"": ""4"", ""5"": ""3"", ""6"": ""2"", ""7"": ""1""}",no,,,needs_review
adult,"{""age_range"": {""as_of_time"": ""00:00:00"", ""start_inclusive"": [18, 0, 0], ""end_exclusive"": [99, 99, 99]}, ""gender"": [""male"", ""female""]}",S/N,S3,N3,26,"내가 집을 짓는다면,","실용적이고, 가격 대비 효용이 높으며, 검증된 방식으로 설계하고 싶다.",보기에 멋지게 설계하고 싶다.,"{""1"": ""1"", ""2"": ""2"", ""3"": ""3"", ""4"": ""4"", ""5"": ""5"", ""6"": ""6"", ""7"": ""7""}","{""1"": ""7"", ""2"": ""6"", ""3"": ""5"", ""4"": ""4"", ""5"": ""3"", ""6"": ""2"", ""7"": ""1""}",no,,,needs_review
adult,"{""age_range"": {""as_of_time"": ""00:00:00"", ""start_inclusive"": [18, 0, 0], ""end_exclusive"": [99, 99, 99]}, ""gender"": [""male"", ""female""]}",S/N,S3,N3,72,나에게 더 중요한 것은,다른 사람들 사이에서 돋보이는 것이다.,다른 사람들과 어울리는 것이다.,"{""1"": ""1"", ""2"": ""2"", ""3"": ""3"", ""4"": ""4"", ""5"": ""5"", ""6"": ""6"", ""7"": ""7""}","{""1"": ""7"", ""2"": ""6"", ""3"": ""5"", ""4"": ""4"", ""5"": ""3"", ""6"": ""2"", ""7"": ""1""}",no,,,needs_review
adult,"{""age_range"": {""as_of_time"": ""00:00:00"", ""start_inclusive"": [18, 0, 0], ""end_exclusive"": [99, 99, 99]}, ""gender"": [""male"", ""female""]}",S/N,S3,N3,106,,전혀 나 같지 않음,매우 나 같음,"{""1"": ""1"", ""2"": ""2"", ""3"": ""3"", ""4"": ""4"", ""5"": ""5"", ""6"": ""6"", ""7"": ""7""}","{""1"": ""7"", ""2"": ""6"", ""3"": ""5"", ""4"": ""4"", ""5"": ""3"", ""6"": ""2"", ""7"": ""1""}",no,,,needs_review
adult,"{""age_range"": {""as_of_time"": ""00:00:00"", ""start_inclusive"": [18, 0, 0], ""end_exclusive"": [99, 99, 99]}, ""gender"": [""male"", ""female""]}",S/N,S3,N3,145,,관습적,변화적,"{""1"": ""1"", ""2"": ""2"", ""3"": ""3"", ""4"": ""4"", ""5"": ""5"", ""6"": ""6"", ""7"": ""7""}","{""1"": ""7"", ""2"": ""6"", ""3"": ""5"", ""4"": ""4"", ""5"": ""3"", ""6"": ""2"", ""7"": ""1""}",no,,,needs_review
adult,"{""age_range"": {""as_of_time"": ""00:00:00"", ""start_inclusive"": [18, 0, 0], ""end_exclusive"": [99, 99, 99]}, ""gender"": [""male"", ""female""]}",S/N,S3,N3,159,,미래지향적인,전통을 따르는,"{""1"": ""1"", ""2"": ""2"", ""3"": ""3"", ""4"": ""4"", ""5"": ""5"", ""6"": ""6"", ""7"": ""7""}","{""1"": ""7"", ""2"": ""6"", ""3"": ""5"", ""4"": ""4"", ""5"": ""3"", ""6"": ""2"", ""7"": ""1""}",no,,,needs_review
adult,"{""age_range"": {""as_of_time"": ""00:00:00"", ""start_inclusive"": [18, 0, 0], ""end_exclusive"": [99, 99, 99]}, ""gender"": [""male"", ""female""]}",S/N,S3,N3,164,,관습을 따르는,관습을 따르지 않는,"{""1"": ""1"", ""2"": ""2"", ""3"": ""3"", ""4"": ""4"", ""5"": ""5"", ""6"": ""6"", ""7"": ""7""}","{""1"": ""7"", ""2"": ""6"", ""3"": ""5"", ""4"": ""4"", ""5"": ""3"", ""6"": ""2"", ""7"": ""1""}",no,,,needs_review
adult,"{""age_range"": {""as_of_time"": ""00:00:00"", ""start_inclusive"": [18, 0, 0], ""end_exclusive"": [99, 99, 99]}, ""gender"": [""male"", ""female""]}",T/F,T3,F3,11,내가 잘 알고 있는 분야는,"과학, 기술, 정치, 경제 분야이다.","예술, 문학, 음악, 인문 분야이다.","{""1"": ""1"", ""2"": ""2"", ""3"": ""3"", ""4"": ""4"", ""5"": ""5"", ""6"": ""6"", ""7"": ""7""}","{""1"": ""7"", ""2"": ""6"", ""3"": ""5"", ""4"": ""4"", ""5"": ""3"", ""6"": ""2"", ""7"": ""1""}",no,,,needs_review
adult,"{""age_range"": {""as_of_time"": ""00:00:00"", ""start_inclusive"": [18, 0, 0], ""end_exclusive"": [99, 99, 99]}, ""gender"": [""male"", ""female""]}",T/F,T3,F3,58,내가 더 존경하고 동경하는 사람은,뛰어날 정도로 능력있는 사람이다.,진정성이 느껴지는 진실된 사람이다.,"{""1"": ""1"", ""2"": ""2"", ""3"": ""3"", ""4"": ""4"", ""5"": ""5"", ""6"": ""6"", ""7"": ""7""}","{""1"": ""7"", ""2"": ""6"", ""3"": ""5"", ""4"": ""4"", ""5"": ""3"", ""6"": ""2"", ""7"": ""1""}",no,,,needs_review
adult,"{""age_range"": {""as_of_time"": ""00:00:00"", ""start_inclusive"": [18, 0, 0], ""end_exclusive"": [99, 99, 99]}, ""gender"": [""male"", ""female""]}",T/F,T3,F3,76,,전혀 나 같지 않음,매우 나 같음,"{""1"": ""1"", ""2"": ""2"", ""3"": ""3"", ""4"": ""4"", ""5"": ""5"", ""6"": ""6"", ""7"": ""7""}","{""1"": ""7"", ""2"": ""6"", ""3"": ""5"", ""4"": ""4"", ""5"": ""3"", ""6"": ""2"", ""7"": ""1""}",no,,,needs_review
adult,"{""age_range"": {""as_of_time"": ""00:00:00"", ""start_inclusive"": [18, 0, 0], ""end_exclusive"": [99, 99, 99]}, ""gender"": [""male"", ""female""]}",T/F,T3,F3,91,,전혀 나 같지 않음,매우 나 같음,"{""1"": ""1"", ""2"": ""2"", ""3"": ""3"", ""4"": ""4"", ""5"": ""5"", ""6"": ""6"", ""7"": ""7""}","{""1"": ""7"", ""2"": ""6"", ""3"": ""5"", ""4"": ""4"", ""5"": ""3"", ""6"": ""2"", ""7"": ""1""}",no,,,needs_review
adult,"{""age_range"": {""as_of_time"": ""00:00:00"", ""start_inclusive"": [18, 0, 0], ""end_exclusive"": [99, 99, 99]}, ""gender"": [""male"", ""female""]}",T/F,T3,F3,105,,전혀 나 같지 않음,매우 나 같음,"{""1"": ""1"", ""2"": ""2"", ""3"": ""3"", ""4"": ""4"", ""5"": ""5"", ""6"": ""6"", ""7"": ""7""}","{""1"": ""7"", ""2"": ""6"", ""3"": ""5"", ""4"": ""4"", ""5"": ""3"", ""6"": ""2"", ""7"": ""1""}",no,,,needs_review
adult,"{""age_range"": {""as_of_time"": ""00:00:00"", ""start_inclusive"": [18, 0, 0], ""end_exclusive"": [99, 99, 99]}, ""gender"": [""male"", ""female""]}",T/F,T3,F3,136,,따뜻한,분석적,"{""1"": ""1"", ""2"": ""2"", ""3"": ""3"", ""4"": ""4"", ""5"": ""5"", ""6"": ""6"", ""7"": ""7""}","{""1"": ""7"", ""2"": ""6"", ""3"": ""5"", ""4"": ""4"", ""5"": ""3"", ""6"": ""2"", ""7"": ""1""}",no,,,needs_review
adult,"{""age_range"": {""as_of_time"": ""00:00:00"", ""start_inclusive"": [18, 0, 0], ""end_exclusive"": [99, 99, 99]}, ""gender"": [""male"", ""female""]}",T/F,T3,F3,142,,감정적,감정적이지 않은,"{""1"": ""1"", ""2"": ""2"", ""3"": ""3"", ""4"": ""4"", ""5"": ""5"", ""6"": ""6"", ""7"": ""7""}","{""1"": ""7"", ""2"": ""6"", ""3"": ""5"", ""4"": ""4"", ""5"": ""3"", ""6"": ""2"", ""7"": ""1""}",no,,,needs_review
adult,"{""age_range"": {""as_of_time"": ""00:00:00"", ""start_inclusive"": [18, 0, 0], ""end_exclusive"": [99, 99, 99]}, ""gender"": [""male"", ""female""]}",T/F,T3,F3,150,,객관적인,인간적인,"{""1"": ""1"", ""2"": ""2"", ""3"": ""3"", ""4"": ""4"", ""5"": ""5"", ""6"": ""6"", ""7"": ""7""}","{""1"": ""7"", ""2"": ""6"", ""3"": ""5"", ""4"": ""4"", ""5"": ""3"", ""6"": ""2"", ""7"": ""1""}",no,,,needs_review
adult,"{""age_range"": {""as_of_time"": ""00:00:00"", ""start_inclusive"": [18, 0, 0], ""end_exclusive"": [99, 99, 99]}, ""gender"": [""male"", ""female""]}",E/I,E4,I4,3,휴가 중에 내가 더 많은 시간을 쓰고 싶은 것은,독서이다.,새로운 사람들을 만나는 것이다.,"{""1"": ""1"", ""2"": ""2"", ""3"": ""3"", ""4"": ""4"", ""5"": ""5"", ""6"": ""6"", ""7"": ""7""}","{""1"": ""7"", ""2"": ""6"", ""3"": ""5"", ""4"": ""4"", ""5"": ""3"", ""6"": ""2"", ""7"": ""1""}",no,,,needs_review
adult,"{""age_range"": {""as_of_time"": ""00:00:00"", ""start_inclusive"": [18, 0, 0], ""end_exclusive"": [99, 99, 99]}, ""gender"": [""male"", ""female""]}",E/I,E4,I4,15,"자동차나 버스에서 내 뒷자리에 있는 사람들이 대화할 때, 나는 대부분",조용히 다른 주제를 생각한다.,그 대화에 참여하고 싶어진다.,"{""1"": ""1"", ""2"": ""2"", ""3"": ""3"", ""4"": ""4"", ""5"": ""5"", ""6"": ""6"", ""7"": ""7""}","{""1"": ""7"", ""2"": ""6"", ""3"": ""5"", ""4"": ""4"", ""5"": ""3"", ""6"": ""2"", ""7"": ""1""}",no,,,needs_review
adult,"{""age_range"": {""as_of_time"": ""00:00:00"", ""start_inclusive"": [18, 0, 0], ""end_exclusive"": [99, 99, 99]}, ""gender"": [""male"", ""female""]}",E/I,E4,I4,21,"많은 사람들이 주위에 있을 때, 나는",따뜻하게 환영받는 느낌이다.,불편하다.,"{""1"": ""1"", ""2"": ""2"", ""3"": ""3"", ""4"": ""4"", ""5"": ""5"", ""6"": ""6"", ""7"": ""7""}","{""1"": ""7"", ""2"": ""6"", ""3"": ""5"", ""4"": ""4"", ""5"": ""3"", ""6"": ""2"", ""7"": ""1""}",no,,,needs_review
adult,"{""age_range"": {""as_of_time"": ""00:00:00"", ""start_inclusive"": [18, 0, 0], ""end_exclusive"": [99, 99, 99]}, ""gender"": [""male"", ""female""]}",E/I,E4,I4,41,나는 일반적으로 주말 저녁에,여러 사람들과 어울리는 모임에 나가거나 쇼핑하는 것을 즐긴다.,집에서 TV를 보거나 독서를 하며 조용히 저녁시간을 보낸다.,"{""1"": ""1"", ""2"": ""2"", ""3"": ""3"", ""4"": ""4"", ""5"": ""5"", ""6"": ""6"", ""7"": ""7""}","{""1"": ""7"", ""2"": ""6"", ""3"": ""5"", ""4"": ""4"", ""5"": ""3"", ""6"": ""2"", ""7"": ""1""}",no,,,needs_review
adult,"{""age_range"": {""as_of_time"": ""00:00:00"", ""start_inclusive"": [18, 0, 0], ""end_exclusive"": [99, 99, 99]}, ""gender"": [""male"", ""female""]}",E/I,E4,I4,46,"나는 많은 사람들과 같이 있을 때,",즐겁다.,불편하다.,"{""1"": ""1"", ""2"": ""2"", ""3"": ""3"", ""4"": ""4"", ""5"": ""5"", ""6"": ""6"", ""7"": ""7""}","{""1"": ""7"", ""2"": ""6"", ""3"": ""5"", ""4"": ""4"", ""5"": ""3"", ""6"": ""2"", ""7"": ""1""}",no,,,needs_review
adult,"{""age_range"": {""as_of_time"": ""00:00:00"", ""start_inclusive"": [18, 0, 0], ""end_exclusive"": [99, 99, 99]}, ""gender"": [""male"", ""female""]}",E/I,E4,I4,151,,활동적,생각이 깊은,"{""1"": ""1"", ""2"": ""2"", ""3"": ""3"", ""4"": ""4"", ""5"": ""5"", ""6"": ""6"", ""7"": ""7""}","{""1"": ""7"", ""2"": ""6"", ""3"": ""5"", ""4"": ""4"", ""5"": ""3"", ""6"": ""2"", ""7"": ""1""}",no,,,needs_review
adult,"{""age_range"": {""as_of_time"": ""00:00:00"", ""start_inclusive"": [18, 0, 0], ""end_exclusive"": [99, 99, 99]}, ""gender"": [""male"", ""female""]}",E/I,E4,I4,163,,참여적,성찰적,"{""1"": ""1"", ""2"": ""2"", ""3"": ""3"", ""4"": ""4"", ""5"": ""5"", ""6"": ""6"", ""7"": ""7""}","{""1"": ""7"", ""2"": ""6"", ""3"": ""5"", ""4"": ""4"", ""5"": ""3"", ""6"": ""2"", ""7"": ""1""}",no,,,needs_review
adult,"{""age_range"": {""as_of_time"": ""00:00:00"", ""start_inclusive"": [18, 0, 0], ""end_exclusive"": [99, 99, 99]}, ""gender"": [""male"", ""female""]}",S/N,S4,N4,30,"비즈니스 차트나 그래프를 볼 때, 나는",주어진 사실 그 이상으로 생각하지 않으려고 조심한다.,대략적이라도 추이를 찾아 해석하려고 한다.,"{""1"": ""1"", ""2"": ""2"", ""3"": ""3"", ""4"": ""4"", ""5"": ""5"", ""6"": ""6"", ""7"": ""7""}","{""1"": ""7"", ""2"": ""6"", ""3"": ""5"", ""4"": ""4"", ""5"": ""3"", ""6"": ""2"", ""7"": ""1""}",no,,,needs_review
adult,"{""age_range"": {""as_of_time"": ""00:00:00"", ""start_inclusive"": [18, 0, 0], ""end_exclusive"": [99, 99, 99]}, ""gender"": [""male"", ""female""]}",S/N,S4,N4,63,"문제를 해결할 때, 나는",전에 시도 해보지 않았던 새로운 생각을 한다.,기존의 방법을 적용하는 것을 좋아한다.,"{""1"": ""1"", ""2"": ""2"", ""3"": ""3"", ""4"": ""4"", ""5"": ""5"", ""6"": ""6"", ""7"": ""7""}","{""1"": ""7"", ""2"": ""6"", ""3"": ""5"", ""4"": ""4"", ""5"": ""3"", ""6"": ""2"", ""7"": ""1""}",no,,,needs_review
adult,"{""age_range"": {""as_of_time"": ""00:00:00"", ""start_inclusive"": [18, 0, 0], ""end_exclusive"": [99, 99, 99]}, ""gender"": [""male"", ""female""]}",S/N,S4,N4,80,,전혀 나 같지 않음,매우 나 같음,"{""1"": ""1"", ""2"": ""2"", ""3"": ""3"", ""4"": ""4"", ""5"": ""5"", ""6"": ""6"", ""7"": ""7""}","{""1"": ""7"", ""2"": ""6"", ""3"": ""5"", ""4"": ""4"", ""5"": ""3"", ""6"": ""2"", ""7"": ""1""}",no,,,needs_review
adult,"{""age_range"": {""as_of_time"": ""00:00:00"", ""start_inclusive"": [18, 0, 0], ""end_exclusive"": [99, 99, 99]}, ""gender"": [""male"", ""female""]}",S/N,S4,N4,84,,전혀 나 같지 않음,매우 나 같음,"{""1"": ""1"", ""2"": ""2"", ""3"": ""3"", ""4"": ""4"", ""5"": ""5"", ""6"": ""6"", ""7"": ""7""}","{""1"": ""7"", ""2"": ""6"", ""3"": ""5"", ""4"": ""4"", ""5"": ""3"", ""6"": ""2"", ""7"": ""1""}",no,,,needs_review
adult,"{""age_range"": {""as_of_time"": ""00:00:00"", ""start_inclusive"": [18, 0, 0], ""end_exclusive"": [99, 99, 99]}, ""gender"": [""male"", ""female""]}",S/N,S4,N4,85,,전혀 나 같지 않음,매우 나 같음,"{""1"": ""1"", ""2"": ""2"", ""3"": ""3"", ""4"": ""4"", ""5"": ""5"", ""6"": ""6"", ""7"": ""7""}","{""1"": ""7"", ""2"": ""6"", ""3"": ""5"", ""4"": ""4"", ""5"": ""3"", ""6"": ""2"", ""7"": ""1""}",no,,,needs_review
adult,"{""age_range"": {""as_of_time"": ""00:00:00"", ""start_inclusive"": [18, 0, 0], ""end_exclusive"": [99, 99, 99]}, ""gender"": [""male"", ""female""]}",T/F,T4,F4,8,"어떤 사람이 감정적일 경우,",그 감정은 비판받아야 한다.,그 감정도 이해되어야 한다.,"{""1"": ""1"", ""2"": ""2"", ""3"": ""3"", ""4"": ""4"", ""5"": ""5"", ""6"": ""6"", ""7"": ""7""}","{""1"": ""7"", ""2"": ""6"", ""3"": ""5"", ""4"": ""4"", ""5"": ""3"", ""6"": ""2"", ""7"": ""1""}",no,,,needs_review
adult,"{""age_range"": {""as_of_time"": ""00:00:00"", ""start_inclusive"": [18, 0, 0], ""end_exclusive"": [99, 99, 99]}, ""gender"": [""male"", ""female""]}",T/F,T4,F4,19,"길을 함께 가던 일행이 내가 가자고 한 방향이 틀리다고 말하면,",내가 생각한 방향이 맞다고 일행을 설득하는 편이다.,일행의 입장에서 그들이 생각하는 방향으로 가는 편이다.,"{""1"": ""1"", ""2"": ""2"", ""3"": ""3"", ""4"": ""4"", ""5"": ""5"", ""6"": ""6"", ""7"": ""7""}","{""1"": ""7"", ""2"": ""6"", ""3"": ""5"", ""4"": ""4"", ""5"": ""3"", ""6"": ""2"", ""7"": ""1""}",no,,,needs_review
adult,"{""age_range"": {""as_of_time"": ""00:00:00"", ""start_inclusive"": [18, 0, 0], ""end_exclusive"": [99, 99, 99]}, ""gender"": [""male"", ""female""]}",T/F,T4,F4,34,"다른 사람의 이야기를 들을 때, 나는",그 사람의 주장에서 허점을 찾는 데 더 집중하는 편이다.,칭찬거리를 찾는 데 더 집중하는 편이다.,"{""1"": ""1"", ""2"": ""2"", ""3"": ""3"", ""4"": ""4"", ""5"": ""5"", ""6"": ""6"", ""7"": ""7""}","{""1"": ""7"", ""2"": ""6"", ""3"": ""5"", ""4"": ""4"", ""5"": ""3"", ""6"": ""2"", ""7"": ""1""}",no,,,needs_review
adult,"{""age_range"": {""as_of_time"": ""00:00:00"", ""start_inclusive"": [18, 0, 0], ""end_exclusive"": [99, 99, 99]}, ""gender"": [""male"", ""female""]}",T/F,T4,F4,67,내가 기분 좋다고 느낄 때는,다른 사람에게 친절하게 대해 주었을 때이다.,다른 사람들이 어려워하는 문제를 해결해 주었을 때다.,"{""1"": ""1"", ""2"": ""2"", ""3"": ""3"", ""4"": ""4"", ""5"": ""5"", ""6"": ""6"", ""7"": ""7""}","{""1"": ""7"", ""2"": ""6"", ""3"": ""5"", ""4"": ""4"", ""5"": ""3"", ""6"": ""2"", ""7"": ""1""}",no,,,needs_review
adult,"{""age_range"": {""as_of_time"": ""00:00:00"", ""start_inclusive"": [18, 0, 0], ""end_exclusive"": [99, 99, 99]}, ""gender"": [""male"", ""female""]}",T/F,T4,F4,146,,협조적,고집이 센,"{""1"": ""1"", ""2"": ""2"", ""3"": ""3"", ""4"": ""4"", ""5"": ""5"", ""6"": ""6"", ""7"": ""7""}","{""1"": ""7"", ""2"": ""6"", ""3"": ""5"", ""4"": ""4"", ""5"": ""3"", ""6"": ""2"", ""7"": ""1""}",no,,,needs_review
adult,"{""age_range"": {""as_of_time"": ""00:00:00"", ""start_inclusive"": [18, 0, 0], ""end_exclusive"": [99, 99, 99]}, ""gender"": [""male"", ""female""]}",T/F,T4,F4,148,,보살피는,경쟁적,"{""1"": ""1"", ""2"": ""2"", ""3"": ""3"", ""4"": ""4"", ""5"": ""5"", ""6"": ""6"", ""7"": ""7""}","{""1"": ""7"", ""2"": ""6"", ""3"": ""5"", ""4"": ""4"", ""5"": ""3"", ""6"": ""2"", ""7"": ""1""}",no,,,needs_review
adult,"{""age_range"": {""as_of_time"": ""00:00:00"", ""start_inclusive"": [18, 0, 0], ""end_exclusive"": [99, 99, 99]}, ""gender"": [""male"", ""female""]}",T/F,T4,F4,153,,타협적,타협적이지 않은,"{""1"": ""1"", ""2"": ""2"", ""3"": ""3"", ""4"": ""4"", ""5"": ""5"", ""6"": ""6"", ""7"": ""7""}","{""1"": ""7"", ""2"": ""6"", ""3"": ""5"", ""4"": ""4"", ""5"": ""3"", ""6"": ""2"", ""7"": ""1""}",no,,,needs_review
adult,"{""age_range"": {""as_of_time"": ""00:00:00"", ""start_inclusive"": [18, 0, 0], ""end_exclusive"": [99, 99, 99]}, ""gender"": [""male"", ""female""]}",T/F,T4,F4,166,,수용적인,의심이 많은,"{""1"": ""1"", ""2"": ""2"", ""3"": ""3"", ""4"": ""4"", ""5"": ""5"", ""6"": ""6"", ""7"": ""7""}","{""1"": ""7"", ""2"": ""6"", ""3"": ""5"", ""4"": ""4"", ""5"": ""3"", ""6"": ""2"", ""7"": ""1""}",no,,,needs_review
adult,"{""age_range"": {""as_of_time"": ""00:00:00"", ""start_inclusive"": [18, 0, 0], ""end_exclusive"": [99, 99, 99]}, ""gender"": [""male"", ""female""]}",O/A,O1,A1,7,"프로젝트를 시작하기 전에, 나는",모든 과제에 대한 목표를 미리 계획하는 것을 좋아한다.,"하나의 목표를 설정하고, 문제가 생기면 그때 그 문제를 해결하는 것을 좋아한다.","{""1"": ""1"", ""2"": ""2"", ""3"": ""3"", ""4"": ""4"", ""5"": ""5"", ""6"": ""6"", ""7"": ""7""}","{""1"": ""7"", ""2"": ""6"", ""3"": ""5"", ""4"": ""4"", ""5"": ""3"", ""6"": ""2"", ""7"": ""1""}",no,,,needs_review
adult,"{""age_range"": {""as_of_time"": ""00:00:00"", ""start_inclusive"": [18, 0, 0], ""end_exclusive"": [99, 99, 99]}, ""gender"": [""male"", ""female""]}",O/A,O1,A1,20,"페인트 칠처럼 사전 준비 작업이 많은 일을 할 때, 나는",대체로 재미있는 부분으로 건너뛰고 싶어진다.,철저히 준비해야 한다는 압박감을 느낀다.,"{""1"": ""1"", ""2"": ""2"", ""3"": ""3"", ""4"": ""4"", ""5"": ""5"", ""6"": ""6"", ""7"": ""7""}","{""1"": ""7"", ""2"": ""6"", ""3"": ""5"", ""4"": ""4"", ""5"": ""3"", ""6"": ""2"", ""7"": ""1""}",no,,,needs_review
adult,"{""age_range"": {""as_of_time"": ""00:00:00"", ""start_inclusive"": [18, 0, 0], ""end_exclusive"": [99, 99, 99]}, ""gender"": [""male"", ""female""]}",O/A,O1,A1,27,"계획을 세울 때, 나는",세세한 부분까지 미리 생각해 둔다.,예상치 못한 상황이 발생하면 그때그때 처리한다.,"{""1"": ""1"", ""2"": ""2"", ""3"": ""3"", ""4"": ""4"", ""5"": ""5"", ""6"": ""6"", ""7"": ""7""}","{""1"": ""7"", ""2"": ""6"", ""3"": ""5"", ""4"": ""4"", ""5"": ""3"", ""6"": ""2"", ""7"": ""1""}",no,,,needs_review
adult,"{""age_range"": {""as_of_time"": ""00:00:00"", ""start_inclusive"": [18, 0, 0], ""end_exclusive"": [99, 99, 99]}, ""gender"": [""male"", ""female""]}",O/A,O1,A1,31,"휴가 갈 때, 나는",여행 계획을 세우는 데에 많은 시간을 쓰는 것을 좋아하지 않는다.,여행을 가는 것만큼 계획 세우는 것도 즐긴다.,"{""1"": ""1"", ""2"": ""2"", ""3"": ""3"", ""4"": ""4"", ""5"": ""5"", ""6"": ""6"", ""7"": ""7""}","{""1"": ""7"", ""2"": ""6"", ""3"": ""5"", ""4"": ""4"", ""5"": ""3"", ""6"": ""2"", ""7"": ""1""}",no,,,needs_review
adult,"{""age_range"": {""as_of_time"": ""00:00:00"", ""start_inclusive"": [18, 0, 0], ""end_exclusive"": [99, 99, 99]}, ""gender"": [""male"", ""female""]}",O/A,O1,A1,42,"휴일 계획을 세우거나 친목모임을 계획할 때, 나는",여러 일들을 미리 정해놓는 것을 좋아한다.,계획을 바꾸거나 사람들을 추가할 여지를 남겨두는 것을 좋아한다.,"{""1"": ""1"", ""2"": ""2"", ""3"": ""3"", ""4"": ""4"", ""5"": ""5"", ""6"": ""6"", ""7"": ""7""}","{""1"": ""7"", ""2"": ""6"", ""3"": ""5"", ""4"": ""4"", ""5"": ""3"", ""6"": ""2"", ""7"": ""1""}",no,,,needs_review
adult,"{""age_range"": {""as_of_time"": ""00:00:00"", ""start_inclusive"": [18, 0, 0], ""end_exclusive"": [99, 99, 99]}, ""gender"": [""male"", ""female""]}",O/A,O1,A1,50,"새로운 물건을 조립할 때, 나는",설명서를 읽어보고 순서에 따른다.,먼저 조립하다가 필요하면 설명서를 참고한다.,"{""1"": ""1"", ""2"": ""2"", ""3"": ""3"", ""4"": ""4"", ""5"": ""5"", ""6"": ""6"", ""7"": ""7""}","{""1"": ""7"", ""2"": ""6"", ""3"": ""5"", ""4"": ""4"", ""5"": ""3"", ""6"": ""2"", ""7"": ""1""}",no,,,needs_review
adult,"{""age_range"": {""as_of_time"": ""00:00:00"", ""start_inclusive"": [18, 0, 0], ""end_exclusive"": [99, 99, 99]}, ""gender"": [""male"", ""female""]}",O/A,O1,A1,61,"긴 여행을 떠나기 전에, 나는",반드시 가져가야 하는 물건의 목록을 만들고 잊지 않으려 한다.,기억나는대로 많은 것을 챙긴다. 깜빡한 물건들은 여행지에서 대체품을 사거나 없이 지낸다.,"{""1"": ""1"", ""2"": ""2"", ""3"": ""3"", ""4"": ""4"", ""5"": ""5"", ""6"": ""6"", ""7"": ""7""}","{""1"": ""7"", ""2"": ""6"", ""3"": ""5"", ""4"": ""4"", ""5"": ""3"", ""6"": ""2"", ""7"": ""1""}",no,,,needs_review
adult,"{""age_range"": {""as_of_time"": ""00:00:00"", ""start_inclusive"": [18, 0, 0], ""end_exclusive"": [99, 99, 99]}, ""gender"": [""male"", ""female""]}",O/A,O1,A1,65,내가 좋아하는 강사나 워크숍 진행자는,상황에 맞게 스케줄을 변화시키는 사람이다.,스케줄을 그대로 지키는 사람이다.,"{""1"": ""1"", ""2"": ""2"", ""3"": ""3"", ""4"": ""4"", ""5"": ""5"", ""6"": ""6"", ""7"": ""7""}","{""1"": ""7"", ""2"": ""6"", ""3"": ""5"", ""4"": ""4"", ""5"": ""3"", ""6"": ""2"", ""7"": ""1""}",no,,,needs_review
adult,"{""age_range"": {""as_of_time"": ""00:00:00"", ""start_inclusive"": [18, 0, 0], ""end_exclusive"": [99, 99, 99]}, ""gender"": [""male"", ""female""]}",O/A,O1,A1,149,,정해진 것을 따르는,변화를 수용하는,"{""1"": ""1"", ""2"": ""2"", ""3"": ""3"", ""4"": ""4"", ""5"": ""5"", ""6"": ""6"", ""7"": ""7""}","{""1"": ""7"", ""2"": ""6"", ""3"": ""5"", ""4"": ""4"", ""5"": ""3"", ""6"": ""2"", ""7"": ""1""}",no,,,needs_review
adult,"{""age_range"": {""as_of_time"": ""00:00:00"", ""start_inclusive"": [18, 0, 0], ""end_exclusive"": [99, 99, 99]}, ""gender"": [""male"", ""female""]}",O/A,O2,A2,10,일과 관련하여 대부분의 사람들은 나를,마감 시간이 임박해야 일을 시작하는 사람이라고 말한다.,가장 먼저 일을 시작하는 사람이라고 말한다.,"{""1"": ""1"", ""2"": ""2"", ""3"": ""3"", ""4"": ""4"", ""5"": ""5"", ""6"": ""6"", ""7"": ""7""}","{""1"": ""7"", ""2"": ""6"", ""3"": ""5"", ""4"": ""4"", ""5"": ""3"", ""6"": ""2"", ""7"": ""1""}",no,,,needs_review
adult,"{""age_range"": {""as_of_time"": ""00:00:00"", ""start_inclusive"": [18, 0, 0], ""end_exclusive"": [99, 99, 99]}, ""gender"": [""male"", ""female""]}",O/A,O2,A2,12,"지출 계획을 세울 때, 나는","계획을 세우고, 이를 지키고자 노력한다.",계획에 없었더라도 내가 원하는 것이 생기면 구매한다.,"{""1"": ""1"", ""2"": ""2"", ""3"": ""3"", ""4"": ""4"", ""5"": ""5"", ""6"": ""6"", ""7"": ""7""}","{""1"": ""7"", ""2"": ""6"", ""3"": ""5"", ""4"": ""4"", ""5"": ""3"", ""6"": ""2"", ""7"": ""1""}",no,,,needs_review
adult,"{""age_range"": {""as_of_time"": ""00:00:00"", ""start_inclusive"": [18, 0, 0], ""end_exclusive"": [99, 99, 99]}, ""gender"": [""male"", ""female""]}",O/A,O2,A2,43,"고지서를 받았을 때, 나는",항상 바로 납부한다.,가끔 잊어버리거나 늦게 납부한다.,"{""1"": ""1"", ""2"": ""2"", ""3"": ""3"", ""4"": ""4"", ""5"": ""5"", ""6"": ""6"", ""7"": ""7""}","{""1"": ""7"", ""2"": ""6"", ""3"": ""5"", ""4"": ""4"", ""5"": ""3"", ""6"": ""2"", ""7"": ""1""}",no,,,needs_review
adult,"{""age_range"": {""as_of_time"": ""00:00:00"", ""start_inclusive"": [18, 0, 0], ""end_exclusive"": [99, 99, 99]}, ""gender"": [""male"", ""female""]}",O/A,O2,A2,60,"약속이 있을 때, 나는",교통체증 때문에 늦을 것만 같은 상황에도 평소 시간대로 출발한다.,늦을 경우를 대비하여 일찍 출발한다.,"{""1"": ""1"", ""2"": ""2"", ""3"": ""3"", ""4"": ""4"", ""5"": ""5"", ""6"": ""6"", ""7"": ""7""}","{""1"": ""7"", ""2"": ""6"", ""3"": ""5"", ""4"": ""4"", ""5"": ""3"", ""6"": ""2"", ""7"": ""1""}",no,,,needs_review
adult,"{""age_range"": {""as_of_time"": ""00:00:00"", ""start_inclusive"": [18, 0, 0], ""end_exclusive"": [99, 99, 99]}, ""gender"": [""male"", ""female""]}",O/A,O2,A2,68,"어떤 일을 반복해서 할 때, 나는",일이 반복되어도 괜찮다.,일이 반복되면 쉽게 지루함을 느낀다.,"{""1"": ""1"", ""2"": ""2"", ""3"": ""3"", ""4"": ""4"", ""5"": ""5"", ""6"": ""6"", ""7"": ""7""}","{""1"": ""7"", ""2"": ""6"", ""3"": ""5"", ""4"": ""4"", ""5"": ""3"", ""6"": ""2"", ""7"": ""1""}",no,,,needs_review
adult,"{""age_range"": {""as_of_time"": ""00:00:00"", ""start_inclusive"": [18, 0, 0], ""end_exclusive"": [99, 99, 99]}, ""gender"": [""male"", ""female""]}",O/A,O2,A2,71,"약속시간을 지키는 것은, 나에게",어렵다. 늦지 않으려 애쓰지만 보통 몇 분씩 늦는다.,어렵지 않다. 일찍 도착하려고 애쓴다.,"{""1"": ""1"", ""2"": ""2"", ""3"": ""3"", ""4"": ""4"", ""5"": ""5"", ""6"": ""6"", ""7"": ""7""}","{""1"": ""7"", ""2"": ""6"", ""3"": ""5"", ""4"": ""4"", ""5"": ""3"", ""6"": ""2"", ""7"": ""1""}",no,,,needs_review
adult,"{""age_range"": {""as_of_time"": ""00:00:00"", ""start_inclusive"": [18, 0, 0], ""end_exclusive"": [99, 99, 99]}, ""gender"": [""male"", ""female""]}",O/A,O2,A2,86,,전혀 나 같지 않음,매우 나 같음,"{""1"": ""1"", ""2"": ""2"", ""3"": ""3"", ""4"": ""4"", ""5"": ""5"", ""6"": ""6"", ""7"": ""7""}","{""1"": ""7"", ""2"": ""6"", ""3"": ""5"", ""4"": ""4"", ""5"": ""3"", ""6"": ""2"", ""7"": ""1""}",no,,,needs_review
adult,"{""age_range"": {""as_of_time"": ""00:00:00"", ""start_inclusive"": [18, 0, 0], ""end_exclusive"": [99, 99, 99]}, ""gender"": [""male"", ""female""]}",O/A,O2,A2,94,,전혀 나 같지 않음,매우 나 같음,"{""1"": ""1"", ""2"": ""2"", ""3"": ""3"", ""4"": ""4"", ""5"": ""5"", ""6"": ""6"", ""7"": ""7""}","{""1"": ""7"", ""2"": ""6"", ""3"": ""5"", ""4"": ""4"", ""5"": ""3"", ""6"": ""2"", ""7"": ""1""}",no,,,needs_review
adult,"{""age_range"": {""as_of_time"": ""00:00:00"", ""start_inclusive"": [18, 0, 0], ""end_exclusive"": [99, 99, 99]}, ""gender"": [""male"", ""female""]}",O/A,O2,A2,99,,전혀 나 같지 않음,매우 나 같음,"{""1"": ""1"", ""2"": ""2"", ""3"": ""3"", ""4"": ""4"", ""5"": ""5"", ""6"": ""6"", ""7"": ""7""}","{""1"": ""7"", ""2"": ""6"", ""3"": ""5"", ""4"": ""4"", ""5"": ""3"", ""6"": ""2"", ""7"": ""1""}",no,,,needs_review
adult,"{""age_range"": {""as_of_time"": ""00:00:00"", ""start_inclusive"": [18, 0, 0], ""end_exclusive"": [99, 99, 99]}, ""gender"": [""male"", ""female""]}",O/A,O2,A2,107,,전혀 나 같지 않음,매우 나 같음,"{""1"": ""1"", ""2"": ""2"", ""3"": ""3"", ""4"": ""4"", ""5"": ""5"", ""6"": ""6"", ""7"": ""7""}","{""1"": ""7"", ""2"": ""6"", ""3"": ""5"", ""4"": ""4"", ""5"": ""3"", ""6"": ""2"", ""7"": ""1""}",no,,,needs_review
adult,"{""age_range"": {""as_of_time"": ""00:00:00"", ""start_inclusive"": [18, 0, 0], ""end_exclusive"": [99, 99, 99]}, ""gender"": [""male"", ""female""]}",O/A,O2,A2,139,,산만한,집중력 있는,"{""1"": ""1"", ""2"": ""2"", ""3"": ""3"", ""4"": ""4"", ""5"": ""5"", ""6"": ""6"", ""7"": ""7""}","{""1"": ""7"", ""2"": ""6"", ""3"": ""5"", ""4"": ""4"", ""5"": ""3"", ""6"": ""2"", ""7"": ""1""}",no,,,needs_review
adult,"{""age_range"": {""as_of_time"": ""00:00:00"", ""start_inclusive"": [18, 0, 0], ""end_exclusive"": [99, 99, 99]}, ""gender"": [""male"", ""female""]}",O/A,O2,A2,162,,즉흥적,정확한,"{""1"": ""1"", ""2"": ""2"", ""3"": ""3"", ""4"": ""4"", ""5"": ""5"", ""6"": ""6"", ""7"": ""7""}","{""1"": ""7"", ""2"": ""6"", ""3"": ""5"", ""4"": ""4"", ""5"": ""3"", ""6"": ""2"", ""7"": ""1""}",no,,,needs_review
adult,"{""age_range"": {""as_of_time"": ""00:00:00"", ""start_inclusive"": [18, 0, 0], ""end_exclusive"": [99, 99, 99]}, ""gender"": [""male"", ""female""]}",O/A,O3,A3,4,"게임이나 스포츠를 처음 시작할 때, 나는",즉각적이고 일단 행동하고 본다.,계획적이고 목표를 세워 진행한다.,"{""1"": ""1"", ""2"": ""2"", ""3"": ""3"", ""4"": ""4"", ""5"": ""5"", ""6"": ""6"", ""7"": ""7""}","{""1"": ""7"", ""2"": ""6"", ""3"": ""5"", ""4"": ""4"", ""5"": ""3"", ""6"": ""2"", ""7"": ""1""}",no,,,needs_review
adult,"{""age_range"": {""as_of_time"": ""00:00:00"", ""start_inclusive"": [18, 0, 0], ""end_exclusive"": [99, 99, 99]}, ""gender"": [""male"", ""female""]}",O/A,O3,A3,55,"세부적인 것에 집중할 때, 나는",세세하게 살피는 꼼꼼한 사람이다.,그보다는 더 크게 보는 사람이다.,"{""1"": ""1"", ""2"": ""2"", ""3"": ""3"", ""4"": ""4"", ""5"": ""5"", ""6"": ""6"", ""7"": ""7""}","{""1"": ""7"", ""2"": ""6"", ""3"": ""5"", ""4"": ""4"", ""5"": ""3"", ""6"": ""2"", ""7"": ""1""}",no,,,needs_review
adult,"{""age_range"": {""as_of_time"": ""00:00:00"", ""start_inclusive"": [18, 0, 0], ""end_exclusive"": [99, 99, 99]}, ""gender"": [""male"", ""female""]}",O/A,O3,A3,73,"결정을 할 때, 대체적으로 나는",직관을 믿는다.,꼼꼼히 따져 살펴본다.,"{""1"": ""1"", ""2"": ""2"", ""3"": ""3"", ""4"": ""4"", ""5"": ""5"", ""6"": ""6"", ""7"": ""7""}","{""1"": ""7"", ""2"": ""6"", ""3"": ""5"", ""4"": ""4"", ""5"": ""3"", ""6"": ""2"", ""7"": ""1""}",no,,,needs_review
adult,"{""age_range"": {""as_of_time"": ""00:00:00"", ""start_inclusive"": [18, 0, 0], ""end_exclusive"": [99, 99, 99]}, ""gender"": [""male"", ""female""]}",O/A,O3,A3,108,,전혀 나 같지 않음,매우 나 같음,"{""1"": ""1"", ""2"": ""2"", ""3"": ""3"", ""4"": ""4"", ""5"": ""5"", ""6"": ""6"", ""7"": ""7""}","{""1"": ""7"", ""2"": ""6"", ""3"": ""5"", ""4"": ""4"", ""5"": ""3"", ""6"": ""2"", ""7"": ""1""}",no,,,needs_review
adult,"{""age_range"": {""as_of_time"": ""00:00:00"", ""start_inclusive"": [18, 0, 0], ""end_exclusive"": [99, 99, 99]}, ""gender"": [""male"", ""female""]}",O/A,O3,A3,137,,조심성 있는,과감한,"{""1"": ""1"", ""2"": ""2"", ""3"": ""3"", ""4"": ""4"", ""5"": ""5"", ""6"": ""6"", ""7"": ""7""}","{""1"": ""7"", ""2"": ""6"", ""3"": ""5"", ""4"": ""4"", ""5"": ""3"", ""6"": ""2"", ""7"": ""1""}",no,,,needs_review
adult,"{""age_range"": {""as_of_time"": ""00:00:00"", ""start_inclusive"": [18, 0, 0], ""end_exclusive"": [99, 99, 99]}, ""gender"": [""male"", ""female""]}",O/A,O3,A3,143,,임기응변적인,초지일관하는,"{""1"": ""1"", ""2"": ""2"", ""3"": ""3"", ""4"": ""4"", ""5"": ""5"", ""6"": ""6"", ""7"": ""7""}","{""1"": ""7"", ""2"": ""6"", ""3"": ""5"", ""4"": ""4"", ""5"": ""3"", ""6"": ""2"", ""7"": ""1""}",no,,,needs_review
adult,"{""age_range"": {""as_of_time"": ""00:00:00"", ""start_inclusive"": [18, 0, 0], ""end_exclusive"": [99, 99, 99]}, ""gender"": [""male"", ""female""]}",O/A,O3,A3,144,,부산스러운,차분한,"{""1"": ""1"", ""2"": ""2"", ""3"": ""3"", ""4"": ""4"", ""5"": ""5"", ""6"": ""6"", ""7"": ""7""}","{""1"": ""7"", ""2"": ""6"", ""3"": ""5"", ""4"": ""4"", ""5"": ""3"", ""6"": ""2"", ""7"": ""1""}",no,,,needs_review
adult,"{""age_range"": {""as_of_time"": ""00:00:00"", ""start_inclusive"": [18, 0, 0], ""end_exclusive"": [99, 99, 99]}, ""gender"": [""male"", ""female""]}",O/A,O3,A3,154,,즉흥적,신중한,"{""1"": ""1"", ""2"": ""2"", ""3"": ""3"", ""4"": ""4"", ""5"": ""5"", ""6"": ""6"", ""7"": ""7""}","{""1"": ""7"", ""2"": ""6"", ""3"": ""5"", ""4"": ""4"", ""5"": ""3"", ""6"": ""2"", ""7"": ""1""}",no,,,needs_review
adult,"{""age_range"": {""as_of_time"": ""00:00:00"", ""start_inclusive"": [18, 0, 0], ""end_exclusive"": [99, 99, 99]}, ""gender"": [""male"", ""female""]}",O/A,O3,A3,156,,정확한,대충하는,"{""1"": ""1"", ""2"": ""2"", ""3"": ""3"", ""4"": ""4"", ""5"": ""5"", ""6"": ""6"", ""7"": ""7""}","{""1"": ""7"", ""2"": ""6"", ""3"": ""5"", ""4"": ""4"", ""5"": ""3"", ""6"": ""2"", ""7"": ""1""}",no,,,needs_review
adult,"{""age_range"": {""as_of_time"": ""00:00:00"", ""start_inclusive"": [18, 0, 0], ""end_exclusive"": [99, 99, 99]}, ""gender"": [""male"", ""female""]}",O/A,O4,A4,64,진정한 나의 모습은,변화가 없으면 지루하기에 많은 것을 변화시키는 것을 좋아한다.,많은 변화가 힘들게 느껴지기 때문에 안정적인 것이 좋다.,"{""1"": ""1"", ""2"": ""2"", ""3"": ""3"", ""4"": ""4"", ""5"": ""5"", ""6"": ""6"", ""7"": ""7""}","{""1"": ""7"", ""2"": ""6"", ""3"": ""5"", ""4"": ""4"", ""5"": ""3"", ""6"": ""2"", ""7"": ""1""}",no,,,needs_review
adult,"{""age_range"": {""as_of_time"": ""00:00:00"", ""start_inclusive"": [18, 0, 0], ""end_exclusive"": [99, 99, 99]}, ""gender"": [""male"", ""female""]}",O/A,O4,A4,75,,전혀 나 같지 않음,매우 나 같음,"{""1"": ""1"", ""2"": ""2"", ""3"": ""3"", ""4"": ""4"", ""5"": ""5"", ""6"": ""6"", ""7"": ""7""}","{""1"": ""7"", ""2"": ""6"", ""3"": ""5"", ""4"": ""4"", ""5"": ""3"", ""6"": ""2"", ""7"": ""1""}",no,,,needs_review
adult,"{""age_range"": {""as_of_time"": ""00:00:00"", ""start_inclusive"": [18, 0, 0], ""end_exclusive"": [99, 99, 99]}, ""gender"": [""male"", ""female""]}",O/A,O4,A4,82,,전혀 나 같지 않음,매우 나 같음,"{""1"": ""1"", ""2"": ""2"", ""3"": ""3"", ""4"": ""4"", ""5"": ""5"", ""6"": ""6"", ""7"": ""7""}","{""1"": ""7"", ""2"": ""6"", ""3"": ""5"", ""4"": ""4"", ""5"": ""3"", ""6"": ""2"", ""7"": ""1""}",no,,,needs_review
adult,"{""age_range"": {""as_of_time"": ""00:00:00"", ""start_inclusive"": [18, 0, 0], ""end_exclusive"": [99, 99, 99]}, ""gender"": [""male"", ""female""]}",O/A,O4,A4,96,,전혀 나 같지 않음,매우 나 같음,"{""1"": ""1"", ""2"": ""2"", ""3"": ""3"", ""4"": ""4"", ""5"": ""5"", ""6"": ""6"", ""7"": ""7""}","{""1"": ""7"", ""2"": ""6"", ""3"": ""5"", ""4"": ""4"", ""5"": ""3"", ""6"": ""2"", ""7"": ""1""}",no,,,needs_review
adult,"{""age_range"": {""as_of_time"": ""00:00:00"", ""start_inclusive"": [18, 0, 0], ""end_exclusive"": [99, 99, 99]}, ""gender"": [""male"", ""female""]}",O/A,O4,A4,124,,전혀 나 같지 않음,매우 나 같음,"{""1"": ""1"", ""2"": ""2"", ""3"": ""3"", ""4"": ""4"", ""5"": ""5"", ""6"": ""6"", ""7"": ""7""}","{""1"": ""7"", ""2"": ""6"", ""3"": ""5"", ""4"": ""4"", ""5"": ""3"", ""6"": ""2"", ""7"": ""1""}",no,,,needs_review
adult,"{""age_range"": {""as_of_time"": ""00:00:00"", ""start_inclusive"": [18, 0, 0], ""end_exclusive"": [99, 99, 99]}, ""gender"": [""male"", ""female""]}",O/A,O4,A4,128,,전혀 나 같지 않음,매우 나 같음,"{""1"": ""1"", ""2"": ""2"", ""3"": ""3"", ""4"": ""4"", ""5"": ""5"", ""6"": ""6"", ""7"": ""7""}","{""1"": ""7"", ""2"": ""6"", ""3"": ""5"", ""4"": ""4"", ""5"": ""3"", ""6"": ""2"", ""7"": ""1""}",no,,,needs_review
adult,"{""age_range"": {""as_of_time"": ""00:00:00"", ""start_inclusive"": [18, 0, 0], ""end_exclusive"": [99, 99, 99]}, ""gender"": [""male"", ""female""]}",Tense/Calm,Tense1,Calm1,16,"예상치 못한 일이 발생하여 내 계획에 영향을 줄 때, 나는",짜증을 낸다.,즐겁게 여긴다.,"{""1"": ""1"", ""2"": ""2"", ""3"": ""3"", ""4"": ""4"", ""5"": ""5"", ""6"": ""6"", ""7"": ""7""}","{""1"": ""7"", ""2"": ""6"", ""3"": ""5"", ""4"": ""4"", ""5"": ""3"", ""6"": ""2"", ""7"": ""1""}",no,,,needs_review
adult,"{""age_range"": {""as_of_time"": ""00:00:00"", ""start_inclusive"": [18, 0, 0], ""end_exclusive"": [99, 99, 99]}, ""gender"": [""male"", ""female""]}",Tense/Calm,Tense1,Calm1,17,삶이란,소소한 기쁨들로 채워져 있다.,고통과 역경으로 채워져 있다.,"{""1"": ""1"", ""2"": ""2"", ""3"": ""3"", ""4"": ""4"", ""5"": ""5"", ""6"": ""6"", ""7"": ""7""}","{""1"": ""7"", ""2"": ""6"", ""3"": ""5"", ""4"": ""4"", ""5"": ""3"", ""6"": ""2"", ""7"": ""1""}",no,,,needs_review
adult,"{""age_range"": {""as_of_time"": ""00:00:00"", ""start_inclusive"": [18, 0, 0], ""end_exclusive"": [99, 99, 99]}, ""gender"": [""male"", ""female""]}",Tense/Calm,Tense1,Calm1,18,"일상에서의 귀찮은 일들과 걸림돌은, 나에게",방해가 되지 않는다.,다른 사람들에 비해 더 방해가 되는 편이다.,"{""1"": ""1"", ""2"": ""2"", ""3"": ""3"", ""4"": ""4"", ""5"": ""5"", ""6"": ""6"", ""7"": ""7""}","{""1"": ""7"", ""2"": ""6"", ""3"": ""5"", ""4"": ""4"", ""5"": ""3"", ""6"": ""2"", ""7"": ""1""}",no,,,needs_review
adult,"{""age_range"": {""as_of_time"": ""00:00:00"", ""start_inclusive"": [18, 0, 0], ""end_exclusive"": [99, 99, 99]}, ""gender"": [""male"", ""female""]}",Tense/Calm,Tense1,Calm1,32,"나에 대해 좀 더 정확히 말한다면,",문제를 걱정하는 데 많은 시간을 쓰지 않는다.,문제를 걱정하는 데 많은 시간을 쓴다.,"{""1"": ""1"", ""2"": ""2"", ""3"": ""3"", ""4"": ""4"", ""5"": ""5"", ""6"": ""6"", ""7"": ""7""}","{""1"": ""7"", ""2"": ""6"", ""3"": ""5"", ""4"": ""4"", ""5"": ""3"", ""6"": ""2"", ""7"": ""1""}",no,,,needs_review
adult,"{""age_range"": {""as_of_time"": ""00:00:00"", ""start_inclusive"": [18, 0, 0], ""end_exclusive"": [99, 99, 99]}, ""gender"": [""male"", ""female""]}",Tense/Calm,Tense1,Calm1,35,"만약 누군가가 나에 대해 험담을 하면, 나는",기분 나쁘다.,신경 쓰지 않는다.,"{""1"": ""1"", ""2"": ""2"", ""3"": ""3"", ""4"": ""4"", ""5"": ""5"", ""6"": ""6"", ""7"": ""7""}","{""1"": ""7"", ""2"": ""6"", ""3"": ""5"", ""4"": ""4"", ""5"": ""3"", ""6"": ""2"", ""7"": ""1""}",no,,,needs_review
adult,"{""age_range"": {""as_of_time"": ""00:00:00"", ""start_inclusive"": [18, 0, 0], ""end_exclusive"": [99, 99, 99]}, ""gender"": [""male"", ""female""]}",Tense/Calm,Tense1,Calm1,51,"고가의 상품을 산 후, 나는",물건을 잘못 산 것 같아 자주 후회한다.,이보다 더 좋은 결정은 없었다고 행복해 한다.,"{""1"": ""1"", ""2"": ""2"", ""3"": ""3"", ""4"": ""4"", ""5"": ""5"", ""6"": ""6"", ""7"": ""7""}","{""1"": ""7"", ""2"": ""6"", ""3"": ""5"", ""4"": ""4"", ""5"": ""3"", ""6"": ""2"", ""7"": ""1""}",no,,,needs_review
adult,"{""age_range"": {""as_of_time"": ""00:00:00"", ""start_inclusive"": [18, 0, 0], ""end_exclusive"": [99, 99, 99]}, ""gender"": [""male"", ""female""]}",Tense/Calm,Tense1,Calm1,69,나의 미래는,걱정된다.,"걱정할 필요가 없고, 오늘을 즐기며 산다.","{""1"": ""1"", ""2"": ""2"", ""3"": ""3"", ""4"": ""4"", ""5"": ""5"", ""6"": ""6"", ""7"": ""7""}","{""1"": ""7"", ""2"": ""6"", ""3"": ""5"", ""4"": ""4"", ""5"": ""3"", ""6"": ""2"", ""7"": ""1""}",no,,,needs_review
adult,"{""age_range"": {""as_of_time"": ""00:00:00"", ""start_inclusive"": [18, 0, 0], ""end_exclusive"": [99, 99, 99]}, ""gender"": [""male"", ""female""]}",Tense/Calm,Tense2,Calm2,23,"사람들이 나를 어떻게 생각하든지, 나는 정말",수줍음이 많고 쉽게 당황한다.,다른 사람들을 신경 쓰지 않는다.,"{""1"": ""1"", ""2"": ""2"", ""3"": ""3"", ""4"": ""4"", ""5"": ""5"", ""6"": ""6"", ""7"": ""7""}","{""1"": ""7"", ""2"": ""6"", ""3"": ""5"", ""4"": ""4"", ""5"": ""3"", ""6"": ""2"", ""7"": ""1""}",no,,,needs_review
adult,"{""age_range"": {""as_of_time"": ""00:00:00"", ""start_inclusive"": [18, 0, 0], ""end_exclusive"": [99, 99, 99]}, ""gender"": [""male"", ""female""]}",Tense/Calm,Tense2,Calm2,25,나는 전에 가본 적 없는 도시를 자동차로 여행할 때,스스로 목적지를 정하여 여행하는 것을 좋아한다.,다른 사람의 안내를 따라 여행하는 것을 좋아한다.,"{""1"": ""1"", ""2"": ""2"", ""3"": ""3"", ""4"": ""4"", ""5"": ""5"", ""6"": ""6"", ""7"": ""7""}","{""1"": ""7"", ""2"": ""6"", ""3"": ""5"", ""4"": ""4"", ""5"": ""3"", ""6"": ""2"", ""7"": ""1""}",no,,,needs_review
adult,"{""age_range"": {""as_of_time"": ""00:00:00"", ""start_inclusive"": [18, 0, 0], ""end_exclusive"": [99, 99, 99]}, ""gender"": [""male"", ""female""]}",Tense/Calm,Tense2,Calm2,36,"지난 2년 동안, 나는",기분이 좋고 걱정할 만한 일이 없었다.,우울하고 걱정되는 일이 꽤 있었다.,"{""1"": ""1"", ""2"": ""2"", ""3"": ""3"", ""4"": ""4"", ""5"": ""5"", ""6"": ""6"", ""7"": ""7""}","{""1"": ""7"", ""2"": ""6"", ""3"": ""5"", ""4"": ""4"", ""5"": ""3"", ""6"": ""2"", ""7"": ""1""}",no,,,needs_review
adult,"{""age_range"": {""as_of_time"": ""00:00:00"", ""start_inclusive"": [18, 0, 0], ""end_exclusive"": [99, 99, 99]}, ""gender"": [""male"", ""female""]}",Tense/Calm,Tense2,Calm2,52,나는 종종,사람들이 나를 좋아하지 않는다고 느낀다.,다른 사람들처럼 나도 좋은 사람이라고 느낀다.,"{""1"": ""1"", ""2"": ""2"", ""3"": ""3"", ""4"": ""4"", ""5"": ""5"", ""6"": ""6"", ""7"": ""7""}","{""1"": ""7"", ""2"": ""6"", ""3"": ""5"", ""4"": ""4"", ""5"": ""3"", ""6"": ""2"", ""7"": ""1""}",no,,,needs_review
adult,"{""age_range"": {""as_of_time"": ""00:00:00"", ""start_inclusive"": [18, 0, 0], ""end_exclusive"": [99, 99, 99]}, ""gender"": [""male"", ""female""]}",Tense/Calm,Tense2,Calm2,56,"지난 한 해 동안, 나는 자주",미래에 대하여 희망적으로 느꼈다.,우울했다.,"{""1"": ""1"", ""2"": ""2"", ""3"": ""3"", ""4"": ""4"", ""5"": ""5"", ""6"": ""6"", ""7"": ""7""}","{""1"": ""7"", ""2"": ""6"", ""3"": ""5"", ""4"": ""4"", ""5"": ""3"", ""6"": ""2"", ""7"": ""1""}",no,,,needs_review
adult,"{""age_range"": {""as_of_time"": ""00:00:00"", ""start_inclusive"": [18, 0, 0], ""end_exclusive"": [99, 99, 99]}, ""gender"": [""male"", ""female""]}",Tense/Calm,Tense2,Calm2,62,나는 근본적으로 내 인생이 어떻게 될지에 대하여,비관적이다.,낙관적이다.,"{""1"": ""1"", ""2"": ""2"", ""3"": ""3"", ""4"": ""4"", ""5"": ""5"", ""6"": ""6"", ""7"": ""7""}","{""1"": ""7"", ""2"": ""6"", ""3"": ""5"", ""4"": ""4"", ""5"": ""3"", ""6"": ""2"", ""7"": ""1""}",no,,,needs_review
adult,"{""age_range"": {""as_of_time"": ""00:00:00"", ""start_inclusive"": [18, 0, 0], ""end_exclusive"": [99, 99, 99]}, ""gender"": [""male"", ""female""]}",Tense/Calm,Tense2,Calm2,70,내가 생각하기에,내 상황이 나아지고 있다고 생각한다.,더 나아질 수 없다고 생각한다.,"{""1"": ""1"", ""2"": ""2"", ""3"": ""3"", ""4"": ""4"", ""5"": ""5"", ""6"": ""6"", ""7"": ""7""}","{""1"": ""7"", ""2"": ""6"", ""3"": ""5"", ""4"": ""4"", ""5"": ""3"", ""6"": ""2"", ""7"": ""1""}",no,,,needs_review
adult,"{""age_range"": {""as_of_time"": ""00:00:00"", ""start_inclusive"": [18, 0, 0], ""end_exclusive"": [99, 99, 99]}, ""gender"": [""male"", ""female""]}",Tense/Calm,Tense2,Calm2,158,,자신감 있는,자신감 없는,"{""1"": ""1"", ""2"": ""2"", ""3"": ""3"", ""4"": ""4"", ""5"": ""5"", ""6"": ""6"", ""7"": ""7""}","{""1"": ""7"", ""2"": ""6"", ""3"": ""5"", ""4"": ""4"", ""5"": ""3"", ""6"": ""2"", ""7"": ""1""}",no,,,needs_review
adult,"{""age_range"": {""as_of_time"": ""00:00:00"", ""start_inclusive"": [18, 0, 0], ""end_exclusive"": [99, 99, 99]}, ""gender"": [""male"", ""female""]}",Tense/Calm,Tense2,Calm2,167,,기분이 좋은,긴장한,"{""1"": ""1"", ""2"": ""2"", ""3"": ""3"", ""4"": ""4"", ""5"": ""5"", ""6"": ""6"", ""7"": ""7""}","{""1"": ""7"", ""2"": ""6"", ""3"": ""5"", ""4"": ""4"", ""5"": ""3"", ""6"": ""2"", ""7"": ""1""}",no,,,needs_review
child,"{""school_age_range"": {""as_of_time"": ""00:00:00"", ""start_inclusive"": [4, 0, 0], ""end_exclusive"": [15, 0, 0]}, ""gender"": [""male"", ""female""]}",E/I,E1,I1,1,"나는 처음 만난 사람들과 있게 되면,",말을 많이 하는 편이다.,말을 적게 하는 편이다.,"{""1"": ""1"", ""2"": ""2"", ""3"": ""3"", ""4"": ""4"", ""5"": ""5"", ""6"": ""6""}","{""1"": ""6"", ""2"": ""5"", ""3"": ""4"", ""4"": ""3"", ""5"": ""2"", ""6"": ""1""}",no,,,needs_review
child,"{""school_age_range"": {""as_of_time"": ""00:00:00"", ""start_inclusive"": [4, 0, 0], ""end_exclusive"": [15, 0, 0]}, ""gender"": [""male"", ""female""]}",E/I,E1,I1,6,나는 다른 사람보다 말을,적게 한다.,많이 한다.,"{""1"": ""1"", ""2"": ""2"", ""3"": ""3"", ""4"": ""4"", ""5"": ""5"", ""6"": ""6""}","{""1"": ""6"", ""2"": ""5"", ""3"": ""4"", ""4"": ""3"", ""5"": ""2"", ""6"": ""1""}",no,,,needs_review
child,"{""school_age_range"": {""as_of_time"": ""00:00:00"", ""start_inclusive"": [4, 0, 0], ""end_exclusive"": [15, 0, 0]}, ""gender"": [""male"", ""female""]}",E/I,E1,I1,44,,겉으로 표현하는,속으로 생각하는,"{""1"": ""1"", ""2"": ""2"", ""3"": ""3"", ""4"": ""4"", ""5"": ""5"", ""6"": ""6""}","{""1"": ""6"", ""2"": ""5"", ""3"": ""4"", ""4"": ""3"", ""5"": ""2"", ""6"": ""1""}",no,,,needs_review
child,"{""school_age_range"": {""as_of_time"": ""00:00:00"", ""start_inclusive"": [4, 0, 0], ""end_exclusive"": [15, 0, 0]}, ""gender"": [""male"", ""female""]}",E/I,E1,I1,49,,말이 많은,말이 적은,"{""1"": ""1"", ""2"": ""2"", ""3"": ""3"", ""4"": ""4"", ""5"": ""5"", ""6"": ""6""}","{""1"": ""6"", ""2"": ""5"", ""3"": ""4"", ""4"": ""3"", ""5"": ""2"", ""6"": ""1""}",no,,,needs_review
child,"{""school_age_range"": {""as_of_time"": ""00:00:00"", ""start_inclusive"": [4, 0, 0], ""end_exclusive"": [15, 0, 0]}, ""gender"": [""male"", ""female""]}",S/N,S1,N1,2,내가 더 활용하는 것은,상식이다.,상상력이다.,"{""1"": ""1"", ""2"": ""2"", ""3"": ""3"", ""4"": ""4"", ""5"": ""5"", ""6"": ""6""}","{""1"": ""6"", ""2"": ""5"", ""3"": ""4"", ""4"": ""3"", ""5"": ""2"", ""6"": ""1""}",no,,,needs_review
child,"{""school_age_range"": {""as_of_time"": ""00:00:00"", ""start_inclusive"": [4, 0, 0], ""end_exclusive"": [15, 0, 0]}, ""gender"": [""male"", ""female""]}",S/N,S1,N1,7,내가 좋아하는 과제는,아이디어를 만드는 것이다.,실제적인 사실을 다루는 것이다.,"{""1"": ""1"", ""2"": ""2"", ""3"": ""3"", ""4"": ""4"", ""5"": ""5"", ""6"": ""6""}","{""1"": ""6"", ""2"": ""5"", ""3"": ""4"", ""4"": ""3"", ""5"": ""2"", ""6"": ""1""}",no,,,needs_review
child,"{""school_age_range"": {""as_of_time"": ""00:00:00"", ""start_inclusive"": [4, 0, 0], ""end_exclusive"": [15, 0, 0]}, ""gender"": [""male"", ""female""]}",S/N,S1,N1,45,,상상력이 많은,현실적인,"{""1"": ""1"", ""2"": ""2"", ""3"": ""3"", ""4"": ""4"", ""5"": ""5"", ""6"": ""6""}","{""1"": ""6"", ""2"": ""5"", ""3"": ""4"", ""4"": ""3"", ""5"": ""2"", ""6"": ""1""}",no,,,needs_review
child,"{""school_age_range"": {""as_of_time"": ""00:00:00"", ""start_inclusive"": [4, 0, 0], ""end_exclusive"": [15, 0, 0]}, ""gender"": [""male"", ""female""]}",S/N,S1,N1,50,,상상력을 발휘하는,상식을 활용하는,"{""1"": ""1"", ""2"": ""2"", ""3"": ""3"", ""4"": ""4"", ""5"": ""5"", ""6"": ""6""}","{""1"": ""6"", ""2"": ""5"", ""3"": ""4"", ""4"": ""3"", ""5"": ""2"", ""6"": ""1""}",no,,,needs_review
child,"{""school_age_range"": {""as_of_time"": ""00:00:00"", ""start_inclusive"": [4, 0, 0], ""end_exclusive"": [15, 0, 0]}, ""gender"": [""male"", ""female""]}",T/F,T1,F1,3,"나는 상대방이 어려운 상황에 처하면,",먼저 그 이유가 알고 싶다.,먼저 그 어려움에 공감한다.,"{""1"": ""1"", ""2"": ""2"", ""3"": ""3"", ""4"": ""4"", ""5"": ""5"", ""6"": ""6""}","{""1"": ""6"", ""2"": ""5"", ""3"": ""4"", ""4"": ""3"", ""5"": ""2"", ""6"": ""1""}",no,,,needs_review
child,"{""school_age_range"": {""as_of_time"": ""00:00:00"", ""start_inclusive"": [4, 0, 0], ""end_exclusive"": [15, 0, 0]}, ""gender"": [""male"", ""female""]}",T/F,T1,F1,8,나는 슬픈 영화를 볼 때,울지 않는 편이다.,우는 편이다.,"{""1"": ""1"", ""2"": ""2"", ""3"": ""3"", ""4"": ""4"", ""5"": ""5"", ""6"": ""6""}","{""1"": ""6"", ""2"": ""5"", ""3"": ""4"", ""4"": ""3"", ""5"": ""2"", ""6"": ""1""}",no,,,needs_review
child,"{""school_age_range"": {""as_of_time"": ""00:00:00"", ""start_inclusive"": [4, 0, 0], ""end_exclusive"": [15, 0, 0]}, ""gender"": [""male"", ""female""]}",T/F,T1,F1,46,,논리적인,감성적인,"{""1"": ""1"", ""2"": ""2"", ""3"": ""3"", ""4"": ""4"", ""5"": ""5"", ""6"": ""6""}","{""1"": ""6"", ""2"": ""5"", ""3"": ""4"", ""4"": ""3"", ""5"": ""2"", ""6"": ""1""}",no,,,needs_review
child,"{""school_age_range"": {""as_of_time"": ""00:00:00"", ""start_inclusive"": [4, 0, 0], ""end_exclusive"": [15, 0, 0]}, ""gender"": [""male"", ""female""]}",T/F,T1,F1,51,,감정이 풍부한,감정적이지 않은,"{""1"": ""1"", ""2"": ""2"", ""3"": ""3"", ""4"": ""4"", ""5"": ""5"", ""6"": ""6""}","{""1"": ""6"", ""2"": ""5"", ""3"": ""4"", ""4"": ""3"", ""5"": ""2"", ""6"": ""1""}",no,,,needs_review
child,"{""school_age_range"": {""as_of_time"": ""00:00:00"", ""start_inclusive"": [4, 0, 0], ""end_exclusive"": [15, 0, 0]}, ""gender"": [""male"", ""female""]}",E/I,E2,I2,26,"나는 모임에서,",주로 대화를 주도한다.,다른 사람이 말 걸어 주기를 기다린다.,"{""1"": ""1"", ""2"": ""2"", ""3"": ""3"", ""4"": ""4"", ""5"": ""5"", ""6"": ""6""}","{""1"": ""6"", ""2"": ""5"", ""3"": ""4"", ""4"": ""3"", ""5"": ""2"", ""6"": ""1""}",no,,,needs_review
child,"{""school_age_range"": {""as_of_time"": ""00:00:00"", ""start_inclusive"": [4, 0, 0], ""end_exclusive"": [15, 0, 0]}, ""gender"": [""male"", ""female""]}",E/I,E2,I2,30,나는 새로운 친구를 사귀기가,쉽다.,어렵다.,"{""1"": ""1"", ""2"": ""2"", ""3"": ""3"", ""4"": ""4"", ""5"": ""5"", ""6"": ""6""}","{""1"": ""6"", ""2"": ""5"", ""3"": ""4"", ""4"": ""3"", ""5"": ""2"", ""6"": ""1""}",no,,,needs_review
child,"{""school_age_range"": {""as_of_time"": ""00:00:00"", ""start_inclusive"": [4, 0, 0], ""end_exclusive"": [15, 0, 0]}, ""gender"": [""male"", ""female""]}",E/I,E2,I2,59,,활동적인,조용한,"{""1"": ""1"", ""2"": ""2"", ""3"": ""3"", ""4"": ""4"", ""5"": ""5"", ""6"": ""6""}","{""1"": ""6"", ""2"": ""5"", ""3"": ""4"", ""4"": ""3"", ""5"": ""2"", ""6"": ""1""}",no,,,needs_review
child,"{""school_age_range"": {""as_of_time"": ""00:00:00"", ""start_inclusive"": [4, 0, 0], ""end_exclusive"": [15, 0, 0]}, ""gender"": [""male"", ""female""]}",E/I,E2,I2,63,,대담한,수줍어하는,"{""1"": ""1"", ""2"": ""2"", ""3"": ""3"", ""4"": ""4"", ""5"": ""5"", ""6"": ""6""}","{""1"": ""6"", ""2"": ""5"", ""3"": ""4"", ""4"": ""3"", ""5"": ""2"", ""6"": ""1""}",no,,,needs_review
child,"{""school_age_range"": {""as_of_time"": ""00:00:00"", ""start_inclusive"": [4, 0, 0], ""end_exclusive"": [15, 0, 0]}, ""gender"": [""male"", ""female""]}",S/N,S2,N2,12,내가 원하는 것은,실용적이고 쓸모 있는 것이다.,독특하고 창의적인 것이다.,"{""1"": ""1"", ""2"": ""2"", ""3"": ""3"", ""4"": ""4"", ""5"": ""5"", ""6"": ""6""}","{""1"": ""6"", ""2"": ""5"", ""3"": ""4"", ""4"": ""3"", ""5"": ""2"", ""6"": ""1""}",no,,,needs_review
child,"{""school_age_range"": {""as_of_time"": ""00:00:00"", ""start_inclusive"": [4, 0, 0], ""end_exclusive"": [15, 0, 0]}, ""gender"": [""male"", ""female""]}",S/N,S2,N2,17,내가 하고 싶은 과제는,실제로 도움이 되는 것이다.,창의적인 것이다.,"{""1"": ""1"", ""2"": ""2"", ""3"": ""3"", ""4"": ""4"", ""5"": ""5"", ""6"": ""6""}","{""1"": ""6"", ""2"": ""5"", ""3"": ""4"", ""4"": ""3"", ""5"": ""2"", ""6"": ""1""}",no,,,needs_review
child,"{""school_age_range"": {""as_of_time"": ""00:00:00"", ""start_inclusive"": [4, 0, 0], ""end_exclusive"": [15, 0, 0]}, ""gender"": [""male"", ""female""]}",S/N,S2,N2,55,,유용한 방법,새로운 방법,"{""1"": ""1"", ""2"": ""2"", ""3"": ""3"", ""4"": ""4"", ""5"": ""5"", ""6"": ""6""}","{""1"": ""6"", ""2"": ""5"", ""3"": ""4"", ""4"": ""3"", ""5"": ""2"", ""6"": ""1""}",no,,,needs_review
child,"{""school_age_range"": {""as_of_time"": ""00:00:00"", ""start_inclusive"": [4, 0, 0], ""end_exclusive"": [15, 0, 0]}, ""gender"": [""male"", ""female""]}",S/N,S2,N2,60,,효과적인 아이디어,참신한 아이디어,"{""1"": ""1"", ""2"": ""2"", ""3"": ""3"", ""4"": ""4"", ""5"": ""5"", ""6"": ""6""}","{""1"": ""6"", ""2"": ""5"", ""3"": ""4"", ""4"": ""3"", ""5"": ""2"", ""6"": ""1""}",no,,,needs_review
child,"{""school_age_range"": {""as_of_time"": ""00:00:00"", ""start_inclusive"": [4, 0, 0], ""end_exclusive"": [15, 0, 0]}, ""gender"": [""male"", ""female""]}",T/F,T2,F2,36,나는 먼저,원칙을 따른다.,다른 사람의 입장을 생각한다.,"{""1"": ""1"", ""2"": ""2"", ""3"": ""3"", ""4"": ""4"", ""5"": ""5"", ""6"": ""6""}","{""1"": ""6"", ""2"": ""5"", ""3"": ""4"", ""4"": ""3"", ""5"": ""2"", ""6"": ""1""}",no,,,needs_review
child,"{""school_age_range"": {""as_of_time"": ""00:00:00"", ""start_inclusive"": [4, 0, 0], ""end_exclusive"": [15, 0, 0]}, ""gender"": [""male"", ""female""]}",T/F,T2,F2,39,나는,사람을 사실 그대로 대하려고 한다.,사람의 생각과 감정을 이해하려고 한다.,"{""1"": ""1"", ""2"": ""2"", ""3"": ""3"", ""4"": ""4"", ""5"": ""5"", ""6"": ""6""}","{""1"": ""6"", ""2"": ""5"", ""3"": ""4"", ""4"": ""3"", ""5"": ""2"", ""6"": ""1""}",no,,,needs_review
child,"{""school_age_range"": {""as_of_time"": ""00:00:00"", ""start_inclusive"": [4, 0, 0], ""end_exclusive"": [15, 0, 0]}, ""gender"": [""male"", ""female""]}",T/F,T2,F2,69,,규칙이 지켜지는 사회,서로 배려하는 사회,"{""1"": ""1"", ""2"": ""2"", ""3"": ""3"", ""4"": ""4"", ""5"": ""5"", ""6"": ""6""}","{""1"": ""6"", ""2"": ""5"", ""3"": ""4"", ""4"": ""3"", ""5"": ""2"", ""6"": ""1""}",no,,,needs_review
child,"{""school_age_range"": {""as_of_time"": ""00:00:00"", ""start_inclusive"": [4, 0, 0], ""end_exclusive"": [15, 0, 0]}, ""gender"": [""male"", ""female""]}",T/F,T2,F2,71,,독립적인,함께하는,"{""1"": ""1"", ""2"": ""2"", ""3"": ""3"", ""4"": ""4"", ""5"": ""5"", ""6"": ""6""}","{""1"": ""6"", ""2"": ""5"", ""3"": ""4"", ""4"": ""3"", ""5"": ""2"", ""6"": ""1""}",no,,,needs_review
child,"{""school_age_range"": {""as_of_time"": ""00:00:00"", ""start_inclusive"": [4, 0, 0], ""end_exclusive"": [15, 0, 0]}, ""gender"": [""male"", ""female""]}",E/I,E3,I3,11,내가 좋아하는 것은,가족이나 친구랑 있는 것이다.,혼자 있는 것이다.,"{""1"": ""1"", ""2"": ""2"", ""3"": ""3"", ""4"": ""4"", ""5"": ""5"", ""6"": ""6""}","{""1"": ""6"", ""2"": ""5"", ""3"": ""4"", ""4"": ""3"", ""5"": ""2"", ""6"": ""1""}",no,,,needs_review
child,"{""school_age_range"": {""as_of_time"": ""00:00:00"", ""start_inclusive"": [4, 0, 0], ""end_exclusive"": [15, 0, 0]}, ""gender"": [""male"", ""female""]}",E/I,E3,I3,16,나는 많은 사람과 같이 있는 상황을,좋아한다.,피하게 된다.,"{""1"": ""1"", ""2"": ""2"", ""3"": ""3"", ""4"": ""4"", ""5"": ""5"", ""6"": ""6""}","{""1"": ""6"", ""2"": ""5"", ""3"": ""4"", ""4"": ""3"", ""5"": ""2"", ""6"": ""1""}",no,,,needs_review
child,"{""school_age_range"": {""as_of_time"": ""00:00:00"", ""start_inclusive"": [4, 0, 0], ""end_exclusive"": [15, 0, 0]}, ""gender"": [""male"", ""female""]}",E/I,E3,I3,21,"나는 시간이 나면,",혼자 시간을 보낸다.,사람들을 만난다.,"{""1"": ""1"", ""2"": ""2"", ""3"": ""3"", ""4"": ""4"", ""5"": ""5"", ""6"": ""6""}","{""1"": ""6"", ""2"": ""5"", ""3"": ""4"", ""4"": ""3"", ""5"": ""2"", ""6"": ""1""}",no,,,needs_review
child,"{""school_age_range"": {""as_of_time"": ""00:00:00"", ""start_inclusive"": [4, 0, 0], ""end_exclusive"": [15, 0, 0]}, ""gender"": [""male"", ""female""]}",E/I,E3,I3,54,,많은 친구,소수의 친한 친구,"{""1"": ""1"", ""2"": ""2"", ""3"": ""3"", ""4"": ""4"", ""5"": ""5"", ""6"": ""6""}","{""1"": ""6"", ""2"": ""5"", ""3"": ""4"", ""4"": ""3"", ""5"": ""2"", ""6"": ""1""}",no,,,needs_review
child,"{""school_age_range"": {""as_of_time"": ""00:00:00"", ""start_inclusive"": [4, 0, 0], ""end_exclusive"": [15, 0, 0]}, ""gender"": [""male"", ""female""]}",S/N,S3,N3,22,나는,대부분의 사람들이 하는 방식을 좋아한다.,나만의 독특한 방식을 좋아한다.,"{""1"": ""1"", ""2"": ""2"", ""3"": ""3"", ""4"": ""4"", ""5"": ""5"", ""6"": ""6""}","{""1"": ""6"", ""2"": ""5"", ""3"": ""4"", ""4"": ""3"", ""5"": ""2"", ""6"": ""1""}",no,,,needs_review
child,"{""school_age_range"": {""as_of_time"": ""00:00:00"", ""start_inclusive"": [4, 0, 0], ""end_exclusive"": [15, 0, 0]}, ""gender"": [""male"", ""female""]}",S/N,S3,N3,27,내가 좋아하는 디자인은,일반적이고 평범한 것이다.,새롭고 독특한 것이다.,"{""1"": ""1"", ""2"": ""2"", ""3"": ""3"", ""4"": ""4"", ""5"": ""5"", ""6"": ""6""}","{""1"": ""6"", ""2"": ""5"", ""3"": ""4"", ""4"": ""3"", ""5"": ""2"", ""6"": ""1""}",no,,,needs_review
child,"{""school_age_range"": {""as_of_time"": ""00:00:00"", ""start_inclusive"": [4, 0, 0], ""end_exclusive"": [15, 0, 0]}, ""gender"": [""male"", ""female""]}",S/N,S3,N3,64,,해왔던 방식,새로운 방식,"{""1"": ""1"", ""2"": ""2"", ""3"": ""3"", ""4"": ""4"", ""5"": ""5"", ""6"": ""6""}","{""1"": ""6"", ""2"": ""5"", ""3"": ""4"", ""4"": ""3"", ""5"": ""2"", ""6"": ""1""}",no,,,needs_review
child,"{""school_age_range"": {""as_of_time"": ""00:00:00"", ""start_inclusive"": [4, 0, 0], ""end_exclusive"": [15, 0, 0]}, ""gender"": [""male"", ""female""]}",S/N,S3,N3,68,,새로운 방법을 찾는,기존의 방법을 적용하는,"{""1"": ""1"", ""2"": ""2"", ""3"": ""3"", ""4"": ""4"", ""5"": ""5"", ""6"": ""6""}","{""1"": ""6"", ""2"": ""5"", ""3"": ""4"", ""4"": ""3"", ""5"": ""2"", ""6"": ""1""}",no,,,needs_review
child,"{""school_age_range"": {""as_of_time"": ""00:00:00"", ""start_inclusive"": [4, 0, 0], ""end_exclusive"": [15, 0, 0]}, ""gender"": [""male"", ""female""]}",T/F,T3,F3,13,내가 주로 의존하는 것은,논리와 근거이다.,감정과 기분이다.,"{""1"": ""1"", ""2"": ""2"", ""3"": ""3"", ""4"": ""4"", ""5"": ""5"", ""6"": ""6""}","{""1"": ""6"", ""2"": ""5"", ""3"": ""4"", ""4"": ""3"", ""5"": ""2"", ""6"": ""1""}",no,,,needs_review
child,"{""school_age_range"": {""as_of_time"": ""00:00:00"", ""start_inclusive"": [4, 0, 0], ""end_exclusive"": [15, 0, 0]}, ""gender"": [""male"", ""female""]}",T/F,T3,F3,18,나는 친구가 시험을 망치면,위로하고 격려해 준다.,다음에 어떻게 더 잘 볼지 알려준다.,"{""1"": ""1"", ""2"": ""2"", ""3"": ""3"", ""4"": ""4"", ""5"": ""5"", ""6"": ""6""}","{""1"": ""6"", ""2"": ""5"", ""3"": ""4"", ""4"": ""3"", ""5"": ""2"", ""6"": ""1""}",no,,,needs_review
child,"{""school_age_range"": {""as_of_time"": ""00:00:00"", ""start_inclusive"": [4, 0, 0], ""end_exclusive"": [15, 0, 0]}, ""gender"": [""male"", ""female""]}",T/F,T3,F3,23,나는,논리적인 사람이다.,따뜻한 사람이다.,"{""1"": ""1"", ""2"": ""2"", ""3"": ""3"", ""4"": ""4"", ""5"": ""5"", ""6"": ""6""}","{""1"": ""6"", ""2"": ""5"", ""3"": ""4"", ""4"": ""3"", ""5"": ""2"", ""6"": ""1""}",no,,,needs_review
child,"{""school_age_range"": {""as_of_time"": ""00:00:00"", ""start_inclusive"": [4, 0, 0], ""end_exclusive"": [15, 0, 0]}, ""gender"": [""male"", ""female""]}",T/F,T3,F3,56,,다정한,냉정한,"{""1"": ""1"", ""2"": ""2"", ""3"": ""3"", ""4"": ""4"", ""5"": ""5"", ""6"": ""6""}","{""1"": ""6"", ""2"": ""5"", ""3"": ""4"", ""4"": ""3"", ""5"": ""2"", ""6"": ""1""}",no,,,needs_review
child,"{""school_age_range"": {""as_of_time"": ""00:00:00"", ""start_inclusive"": [4, 0, 0], ""end_exclusive"": [15, 0, 0]}, ""gender"": [""male"", ""female""]}",E/I,E4,I4,34,나는,다양한 활동에 참여하는 것을 좋아한다.,조용히 생각하는 것을 좋아한다.,"{""1"": ""1"", ""2"": ""2"", ""3"": ""3"", ""4"": ""4"", ""5"": ""5"", ""6"": ""6""}","{""1"": ""6"", ""2"": ""5"", ""3"": ""4"", ""4"": ""3"", ""5"": ""2"", ""6"": ""1""}",no,,,needs_review
child,"{""school_age_range"": {""as_of_time"": ""00:00:00"", ""start_inclusive"": [4, 0, 0], ""end_exclusive"": [15, 0, 0]}, ""gender"": [""male"", ""female""]}",E/I,E4,I4,38,"나는 많은 사람들과 같이 있을 때,",즐겁다.,불편하다.,"{""1"": ""1"", ""2"": ""2"", ""3"": ""3"", ""4"": ""4"", ""5"": ""5"", ""6"": ""6""}","{""1"": ""6"", ""2"": ""5"", ""3"": ""4"", ""4"": ""3"", ""5"": ""2"", ""6"": ""1""}",no,,,needs_review
child,"{""school_age_range"": {""as_of_time"": ""00:00:00"", ""start_inclusive"": [4, 0, 0], ""end_exclusive"": [15, 0, 0]}, ""gender"": [""male"", ""female""]}",E/I,E4,I4,41,내가 좋아하는 과제는,집중해서 혼자 하는 과제이다.,친구들과 의논하며 하는 과제이다.,"{""1"": ""1"", ""2"": ""2"", ""3"": ""3"", ""4"": ""4"", ""5"": ""5"", ""6"": ""6""}","{""1"": ""6"", ""2"": ""5"", ""3"": ""4"", ""4"": ""3"", ""5"": ""2"", ""6"": ""1""}",no,,,needs_review
child,"{""school_age_range"": {""as_of_time"": ""00:00:00"", ""start_inclusive"": [4, 0, 0], ""end_exclusive"": [15, 0, 0]}, ""gender"": [""male"", ""female""]}",E/I,E4,I4,67,,활동이 많은,생각이 많은,"{""1"": ""1"", ""2"": ""2"", ""3"": ""3"", ""4"": ""4"", ""5"": ""5"", ""6"": ""6""}","{""1"": ""6"", ""2"": ""5"", ""3"": ""4"", ""4"": ""3"", ""5"": ""2"", ""6"": ""1""}",no,,,needs_review
child,"{""school_age_range"": {""as_of_time"": ""00:00:00"", ""start_inclusive"": [4, 0, 0], ""end_exclusive"": [15, 0, 0]}, ""gender"": [""male"", ""female""]}",S/N,S4,N4,31,나는,안정적이고 익숙한 일을 좋아한다.,도전적이고 새로운 일을 좋아한다.,"{""1"": ""1"", ""2"": ""2"", ""3"": ""3"", ""4"": ""4"", ""5"": ""5"", ""6"": ""6""}","{""1"": ""6"", ""2"": ""5"", ""3"": ""4"", ""4"": ""3"", ""5"": ""2"", ""6"": ""1""}",no,,,needs_review
child,"{""school_age_range"": {""as_of_time"": ""00:00:00"", ""start_inclusive"": [4, 0, 0], ""end_exclusive"": [15, 0, 0]}, ""gender"": [""male"", ""female""]}",S/N,S4,N4,35,나는,많은 사람이 인정하는 일반적인 방식이 좋다.,인정받지 못해도 새로운 방식이 좋다.,"{""1"": ""1"", ""2"": ""2"", ""3"": ""3"", ""4"": ""4"", ""5"": ""5"", ""6"": ""6""}","{""1"": ""6"", ""2"": ""5"", ""3"": ""4"", ""4"": ""3"", ""5"": ""2"", ""6"": ""1""}",no,,,needs_review
child,"{""school_age_range"": {""as_of_time"": ""00:00:00"", ""start_inclusive"": [4, 0, 0], ""end_exclusive"": [15, 0, 0]}, ""gender"": [""male"", ""female""]}",S/N,S4,N4,70,,안정적인,변화하는,"{""1"": ""1"", ""2"": ""2"", ""3"": ""3"", ""4"": ""4"", ""5"": ""5"", ""6"": ""6""}","{""1"": ""6"", ""2"": ""5"", ""3"": ""4"", ""4"": ""3"", ""5"": ""2"", ""6"": ""1""}",no,,,needs_review
child,"{""school_age_range"": {""as_of_time"": ""00:00:00"", ""start_inclusive"": [4, 0, 0], ""end_exclusive"": [15, 0, 0]}, ""gender"": [""male"", ""female""]}",S/N,S4,N4,72,,변화를 싫어하는,변화를 좋아하는,"{""1"": ""1"", ""2"": ""2"", ""3"": ""3"", ""4"": ""4"", ""5"": ""5"", ""6"": ""6""}","{""1"": ""6"", ""2"": ""5"", ""3"": ""4"", ""4"": ""3"", ""5"": ""2"", ""6"": ""1""}",no,,,needs_review
child,"{""school_age_range"": {""as_of_time"": ""00:00:00"", ""start_inclusive"": [4, 0, 0], ""end_exclusive"": [15, 0, 0]}, ""gender"": [""male"", ""female""]}",T/F,T4,F4,28,"나는 다른 사람의 이야기를 들을 때,",상대방의 단점을 잘 찾는다.,상대방의 장점을 잘 찾는다.,"{""1"": ""1"", ""2"": ""2"", ""3"": ""3"", ""4"": ""4"", ""5"": ""5"", ""6"": ""6""}","{""1"": ""6"", ""2"": ""5"", ""3"": ""4"", ""4"": ""3"", ""5"": ""2"", ""6"": ""1""}",no,,,needs_review
child,"{""school_age_range"": {""as_of_time"": ""00:00:00"", ""start_inclusive"": [4, 0, 0], ""end_exclusive"": [15, 0, 0]}, ""gender"": [""male"", ""female""]}",T/F,T4,F4,32,내가 좋아하는 사람은,능력 있고 이성적인 사람이다.,동정심이 많고 따뜻한 사람이다.,"{""1"": ""1"", ""2"": ""2"", ""3"": ""3"", ""4"": ""4"", ""5"": ""5"", ""6"": ""6""}","{""1"": ""6"", ""2"": ""5"", ""3"": ""4"", ""4"": ""3"", ""5"": ""2"", ""6"": ""1""}",no,,,needs_review
child,"{""school_age_range"": {""as_of_time"": ""00:00:00"", ""start_inclusive"": [4, 0, 0], ""end_exclusive"": [15, 0, 0]}, ""gender"": [""male"", ""female""]}",T/F,T4,F4,61,,경쟁하는,보살피는,"{""1"": ""1"", ""2"": ""2"", ""3"": ""3"", ""4"": ""4"", ""5"": ""5"", ""6"": ""6""}","{""1"": ""6"", ""2"": ""5"", ""3"": ""4"", ""4"": ""3"", ""5"": ""2"", ""6"": ""1""}",no,,,needs_review
child,"{""school_age_range"": {""as_of_time"": ""00:00:00"", ""start_inclusive"": [4, 0, 0], ""end_exclusive"": [15, 0, 0]}, ""gender"": [""male"", ""female""]}",T/F,T4,F4,65,,양보하는,양보하지 않는,"{""1"": ""1"", ""2"": ""2"", ""3"": ""3"", ""4"": ""4"", ""5"": ""5"", ""6"": ""6""}","{""1"": ""6"", ""2"": ""5"", ""3"": ""4"", ""4"": ""3"", ""5"": ""2"", ""6"": ""1""}",no,,,needs_review
child,"{""school_age_range"": {""as_of_time"": ""00:00:00"", ""start_inclusive"": [4, 0, 0], ""end_exclusive"": [15, 0, 0]}, ""gender"": [""male"", ""female""]}",Z/A,Z1,A1,4,"나는 계획을 세울 때,",세세한 부분까지 미리 생각해 둔다.,예상치 못한 상황이 발생하면 그때그때 처리한다.,"{""1"": ""1"", ""2"": ""2"", ""3"": ""3"", ""4"": ""4"", ""5"": ""5"", ""6"": ""6""}","{""1"": ""6"", ""2"": ""5"", ""3"": ""4"", ""4"": ""3"", ""5"": ""2"", ""6"": ""1""}",no,,,needs_review
child,"{""school_age_range"": {""as_of_time"": ""00:00:00"", ""start_inclusive"": [4, 0, 0], ""end_exclusive"": [15, 0, 0]}, ""gender"": [""male"", ""female""]}",Z/A,Z1,A1,9,나는 일을 할 때,계획에 따라 하는 것이 좋다.,상황에 따라 하는 것이 좋다.,"{""1"": ""1"", ""2"": ""2"", ""3"": ""3"", ""4"": ""4"", ""5"": ""5"", ""6"": ""6""}","{""1"": ""6"", ""2"": ""5"", ""3"": ""4"", ""4"": ""3"", ""5"": ""2"", ""6"": ""1""}",no,,,needs_review
child,"{""school_age_range"": {""as_of_time"": ""00:00:00"", ""start_inclusive"": [4, 0, 0], ""end_exclusive"": [15, 0, 0]}, ""gender"": [""male"", ""female""]}",Z/A,Z1,A1,14,나는 여행하려고 짐을 챙길때,챙길 물건의 목록을 만든다.,그냥 짐을 싸기 시작한다.,"{""1"": ""1"", ""2"": ""2"", ""3"": ""3"", ""4"": ""4"", ""5"": ""5"", ""6"": ""6""}","{""1"": ""6"", ""2"": ""5"", ""3"": ""4"", ""4"": ""3"", ""5"": ""2"", ""6"": ""1""}",no,,,needs_review
child,"{""school_age_range"": {""as_of_time"": ""00:00:00"", ""start_inclusive"": [4, 0, 0], ""end_exclusive"": [15, 0, 0]}, ""gender"": [""male"", ""female""]}",Z/A,Z1,A1,47,,계획에 맞춰 하는,상황에 맞춰 하는,"{""1"": ""1"", ""2"": ""2"", ""3"": ""3"", ""4"": ""4"", ""5"": ""5"", ""6"": ""6""}","{""1"": ""6"", ""2"": ""5"", ""3"": ""4"", ""4"": ""3"", ""5"": ""2"", ""6"": ""1""}",no,,,needs_review
child,"{""school_age_range"": {""as_of_time"": ""00:00:00"", ""start_inclusive"": [4, 0, 0], ""end_exclusive"": [15, 0, 0]}, ""gender"": [""male"", ""female""]}",Z/A,Z2,A2,40,나는,마감 기한 전부터 최선을 다한다.,마감 기한이 다가올 때 최선을 다한다.,"{""1"": ""1"", ""2"": ""2"", ""3"": ""3"", ""4"": ""4"", ""5"": ""5"", ""6"": ""6""}","{""1"": ""6"", ""2"": ""5"", ""3"": ""4"", ""4"": ""3"", ""5"": ""2"", ""6"": ""1""}",no,,,needs_review
child,"{""school_age_range"": {""as_of_time"": ""00:00:00"", ""start_inclusive"": [4, 0, 0], ""end_exclusive"": [15, 0, 0]}, ""gender"": [""male"", ""female""]}",Z/A,Z2,A2,42,나는,기한보다 일을 일찍 시작하는 편이다.,기한에 임박하여 일을 시작하는 편이다.,"{""1"": ""1"", ""2"": ""2"", ""3"": ""3"", ""4"": ""4"", ""5"": ""5"", ""6"": ""6""}","{""1"": ""6"", ""2"": ""5"", ""3"": ""4"", ""4"": ""3"", ""5"": ""2"", ""6"": ""1""}",no,,,needs_review
child,"{""school_age_range"": {""as_of_time"": ""00:00:00"", ""start_inclusive"": [4, 0, 0], ""end_exclusive"": [15, 0, 0]}, ""gender"": [""male"", ""female""]}",Z/A,Z2,A2,43,"나는 숙제를 할 때,",미루지 않고 바로 한다.,미루다가 마지막에 한다.,"{""1"": ""1"", ""2"": ""2"", ""3"": ""3"", ""4"": ""4"", ""5"": ""5"", ""6"": ""6""}","{""1"": ""6"", ""2"": ""5"", ""3"": ""4"", ""4"": ""3"", ""5"": ""2"", ""6"": ""1""}",no,,,needs_review
child,"{""school_age_range"": {""as_of_time"": ""00:00:00"", ""start_inclusive"": [4, 0, 0], ""end_exclusive"": [15, 0, 0]}, ""gender"": [""male"", ""female""]}",Z/A,Z2,A2,66,,꾸준하게 노력하는,한 번에 최선을 다하는,"{""1"": ""1"", ""2"": ""2"", ""3"": ""3"", ""4"": ""4"", ""5"": ""5"", ""6"": ""6""}","{""1"": ""6"", ""2"": ""5"", ""3"": ""4"", ""4"": ""3"", ""5"": ""2"", ""6"": ""1""}",no,,,needs_review
child,"{""school_age_range"": {""as_of_time"": ""00:00:00"", ""start_inclusive"": [4, 0, 0], ""end_exclusive"": [15, 0, 0]}, ""gender"": [""male"", ""female""]}",Z/A,Z3,A3,19,"나는 결정할 때,",꼼꼼히 따져 살펴본다.,나의 직관을 믿는다.,"{""1"": ""1"", ""2"": ""2"", ""3"": ""3"", ""4"": ""4"", ""5"": ""5"", ""6"": ""6""}","{""1"": ""6"", ""2"": ""5"", ""3"": ""4"", ""4"": ""3"", ""5"": ""2"", ""6"": ""1""}",no,,,needs_review
child,"{""school_age_range"": {""as_of_time"": ""00:00:00"", ""start_inclusive"": [4, 0, 0], ""end_exclusive"": [15, 0, 0]}, ""gender"": [""male"", ""female""]}",Z/A,Z3,A3,24,나는,신중하며 조심성이 있는 편이다.,즉흥적이고 위험을 감수하는 편이다.,"{""1"": ""1"", ""2"": ""2"", ""3"": ""3"", ""4"": ""4"", ""5"": ""5"", ""6"": ""6""}","{""1"": ""6"", ""2"": ""5"", ""3"": ""4"", ""4"": ""3"", ""5"": ""2"", ""6"": ""1""}",no,,,needs_review
child,"{""school_age_range"": {""as_of_time"": ""00:00:00"", ""start_inclusive"": [4, 0, 0], ""end_exclusive"": [15, 0, 0]}, ""gender"": [""male"", ""female""]}",Z/A,Z3,A3,52,,즉흥적으로 행동하는,신중하게 행동하는,"{""1"": ""1"", ""2"": ""2"", ""3"": ""3"", ""4"": ""4"", ""5"": ""5"", ""6"": ""6""}","{""1"": ""6"", ""2"": ""5"", ""3"": ""4"", ""4"": ""3"", ""5"": ""2"", ""6"": ""1""}",no,,,needs_review
child,"{""school_age_range"": {""as_of_time"": ""00:00:00"", ""start_inclusive"": [4, 0, 0], ""end_exclusive"": [15, 0, 0]}, ""gender"": [""male"", ""female""]}",Z/A,Z3,A3,57,,조심스럽게 행동하는,거침없이 행동하는,"{""1"": ""1"", ""2"": ""2"", ""3"": ""3"", ""4"": ""4"", ""5"": ""5"", ""6"": ""6""}","{""1"": ""6"", ""2"": ""5"", ""3"": ""4"", ""4"": ""3"", ""5"": ""2"", ""6"": ""1""}",no,,,needs_review
child,"{""school_age_range"": {""as_of_time"": ""00:00:00"", ""start_inclusive"": [4, 0, 0], ""end_exclusive"": [15, 0, 0]}, ""gender"": [""male"", ""female""]}",Z/A,Z4,A4,29,나는,정해진 일정을 잘 따르는 편이다.,나만의 일정을 만드는 편이다.,"{""1"": ""1"", ""2"": ""2"", ""3"": ""3"", ""4"": ""4"", ""5"": ""5"", ""6"": ""6""}","{""1"": ""6"", ""2"": ""5"", ""3"": ""4"", ""4"": ""3"", ""5"": ""2"", ""6"": ""1""}",no,,,needs_review
child,"{""school_age_range"": {""as_of_time"": ""00:00:00"", ""start_inclusive"": [4, 0, 0], ""end_exclusive"": [15, 0, 0]}, ""gender"": [""male"", ""female""]}",Z/A,Z4,A4,33,나는,정해진 규칙을 잘 따르는 편이다.,나만의 규칙을 만드는 편이다.,"{""1"": ""1"", ""2"": ""2"", ""3"": ""3"", ""4"": ""4"", ""5"": ""5"", ""6"": ""6""}","{""1"": ""6"", ""2"": ""5"", ""3"": ""4"", ""4"": ""3"", ""5"": ""2"", ""6"": ""1""}",no,,,needs_review
child,"{""school_age_range"": {""as_of_time"": ""00:00:00"", ""start_inclusive"": [4, 0, 0], ""end_exclusive"": [15, 0, 0]}, ""gender"": [""male"", ""female""]}",Z/A,Z4,A4,37,나는 문제 상황에서,제시된 해결책을 따르는 편이다.,나만의 해결책을 만드는 편이다.,"{""1"": ""1"", ""2"": ""2"", ""3"": ""3"", ""4"": ""4"", ""5"": ""5"", ""6"": ""6""}","{""1"": ""6"", ""2"": ""5"", ""3"": ""4"", ""4"": ""3"", ""5"": ""2"", ""6"": ""1""}",no,,,needs_review
child,"{""school_age_range"": {""as_of_time"": ""00:00:00"", ""start_inclusive"": [4, 0, 0], ""end_exclusive"": [15, 0, 0]}, ""gender"": [""male"", ""female""]}",Z/A,Z4,A4,62,,정해진 목표,나만의 목표,"{""1"": ""1"", ""2"": ""2"", ""3"": ""3"", ""4"": ""4"", ""5"": ""5"", ""6"": ""6""}","{""1"": ""6"", ""2"": ""5"", ""3"": ""4"", ""4"": ""3"", ""5"": ""2"", ""6"": ""1""}",no,,,needs_review
child,"{""school_age_range"": {""as_of_time"": ""00:00:00"", ""start_inclusive"": [4, 0, 0], ""end_exclusive"": [15, 0, 0]}, ""gender"": [""male"", ""female""]}",Tense/Calm,Tense1,Calm1,5,"나는 어떤 문제가 생겼을 때,",그 문제가 심각해질까 봐 염려한다.,어떻게든 해결될 것이라고 기대한다.,"{""1"": ""1"", ""2"": ""2"", ""3"": ""3"", ""4"": ""4"", ""5"": ""5"", ""6"": ""6""}","{""1"": ""6"", ""2"": ""5"", ""3"": ""4"", ""4"": ""3"", ""5"": ""2"", ""6"": ""1""}",no,,,needs_review
child,"{""school_age_range"": {""as_of_time"": ""00:00:00"", ""start_inclusive"": [4, 0, 0], ""end_exclusive"": [15, 0, 0]}, ""gender"": [""male"", ""female""]}",Tense/Calm,Tense1,Calm1,10,나는,문제를 걱정하는 데 많은 시간을 쓴다.,문제를 크게 걱정하지 않는 편이다.,"{""1"": ""1"", ""2"": ""2"", ""3"": ""3"", ""4"": ""4"", ""5"": ""5"", ""6"": ""6""}","{""1"": ""6"", ""2"": ""5"", ""3"": ""4"", ""4"": ""3"", ""5"": ""2"", ""6"": ""1""}",no,,,needs_review
child,"{""school_age_range"": {""as_of_time"": ""00:00:00"", ""start_inclusive"": [4, 0, 0], ""end_exclusive"": [15, 0, 0]}, ""gender"": [""male"", ""female""]}",Tense/Calm,Tense1,Calm1,15,나의 미래는,걱정된다.,"걱정할 필요가 없고, 오늘을 즐기며 산다.","{""1"": ""1"", ""2"": ""2"", ""3"": ""3"", ""4"": ""4"", ""5"": ""5"", ""6"": ""6""}","{""1"": ""6"", ""2"": ""5"", ""3"": ""4"", ""4"": ""3"", ""5"": ""2"", ""6"": ""1""}",no,,,needs_review
child,"{""school_age_range"": {""as_of_time"": ""00:00:00"", ""start_inclusive"": [4, 0, 0], ""end_exclusive"": [15, 0, 0]}, ""gender"": [""male"", ""female""]}",Tense/Calm,Tense1,Calm1,48,,걱정하는,여유 있는,"{""1"": ""1"", ""2"": ""2"", ""3"": ""3"", ""4"": ""4"", ""5"": ""5"", ""6"": ""6""}","{""1"": ""6"", ""2"": ""5"", ""3"": ""4"", ""4"": ""3"", ""5"": ""2"", ""6"": ""1""}",no,,,needs_review
child,"{""school_age_range"": {""as_of_time"": ""00:00:00"", ""start_inclusive"": [4, 0, 0], ""end_exclusive"": [15, 0, 0]}, ""gender"": [""male"", ""female""]}",Tense/Calm,Tense2,Calm2,20,나는,수줍음이 많고 쉽게 당황하는 편이다.,활발하고 자신감이 있는 편이다.,"{""1"": ""1"", ""2"": ""2"", ""3"": ""3"", ""4"": ""4"", ""5"": ""5"", ""6"": ""6""}","{""1"": ""6"", ""2"": ""5"", ""3"": ""4"", ""4"": ""3"", ""5"": ""2"", ""6"": ""1""}",no,,,needs_review
child,"{""school_age_range"": {""as_of_time"": ""00:00:00"", ""start_inclusive"": [4, 0, 0], ""end_exclusive"": [15, 0, 0]}, ""gender"": [""male"", ""female""]}",Tense/Calm,Tense2,Calm2,25,나는 다른 사람들이 나를 어떻게 생각할지에 대해,신경을 쓰는 편이다.,신경 쓰지 않는 편이다.,"{""1"": ""1"", ""2"": ""2"", ""3"": ""3"", ""4"": ""4"", ""5"": ""5"", ""6"": ""6""}","{""1"": ""6"", ""2"": ""5"", ""3"": ""4"", ""4"": ""3"", ""5"": ""2"", ""6"": ""1""}",no,,,needs_review
child,"{""school_age_range"": {""as_of_time"": ""00:00:00"", ""start_inclusive"": [4, 0, 0], ""end_exclusive"": [15, 0, 0]}, ""gender"": [""male"", ""female""]}",Tense/Calm,Tense2,Calm2,53,,확신하는,자신 없는,"{""1"": ""1"", ""2"": ""2"", ""3"": ""3"", ""4"": ""4"", ""5"": ""5"", ""6"": ""6""}","{""1"": ""6"", ""2"": ""5"", ""3"": ""4"", ""4"": ""3"", ""5"": ""2"", ""6"": ""1""}",no,,,needs_review
child,"{""school_age_range"": {""as_of_time"": ""00:00:00"", ""start_inclusive"": [4, 0, 0], ""end_exclusive"": [15, 0, 0]}, ""gender"": [""male"", ""female""]}",Tense/Calm,Tense2,Calm2,58,,조심스러운,자신 있는,"{""1"": ""1"", ""2"": ""2"", ""3"": ""3"", ""4"": ""4"", ""5"": ""5"", ""6"": ""6""}","{""1"": ""6"", ""2"": ""5"", ""3"": ""4"", ""4"": ""3"", ""5"": ""2"", ""6"": ""1""}",no,,,needs_review
